Title,Link,ASIN,Price,Rating,Num_Reviews
"Anker Soundcore R50i Black True Wireless Earbuds with 10mm Drivers, Big Bass, Bluetooth 5.3, 30H Playtime, IPX5 Water Resistant, AI Clear Calls, 2 Mics, 18 Months Warranty, Black",https://www.amazon.eg/-/en/Soundcore-R50i-Wireless-Bluetooth-Resistant/dp/B0C9MNT48D/ref=sr_1_1?dib=eyJ2IjoiMSJ9.yl3m33qmQFV_Z77Dmqij9_7uQe_5lhz7NiS_9TFIKZRCSuVxPdvMv6ShAm-aa9naT7cCR58Wo68oXq5yr9QnLPwRhc9yTgqOn-cORIJbNgrf8DUCwMwMN9eMbdwrQUVHTjQ2Na6dVsz-Bk-QHH--dx9FVxqs8H79axD41MFWi7AP_I5LisPTKAJv084wrXzUoc8B5_yG5BQR_sQus78NQdwKeBU_82yTvAUcVS4T965MPB6aq6-l_hHmslnrgQYA-2twJcsWm1X6A8M3BZuE2WugAAvSAE7QurSJSkB_fA4.WT7FRRx2kB9LdqLtreJB_6CngMk35iudyLdiHGqzMG8&dib_tag=se&qid=1759817080&s=electronics&sr=1-1&xpid=ZsUd_BzzbA__g,B0C9MNT48D,825,3.9,2K
"Soundcore By Anker R50i NC True Wireless Earbuds 10mm Drivers with Big Bass, Bluetooth 5.3, 45H Playtime, IP54, AI Clear Calls with 4 Mics, 22 Preset EQs via App-Black, 18 Months Warranty",https://www.amazon.eg/-/en/Soundcore-Anker-Wireless-Bluetooth-App-Black/dp/B0D6BPY3SC/ref=sr_1_2?dib=eyJ2IjoiMSJ9.yl3m33qmQFV_Z77Dmqij9_7uQe_5lhz7NiS_9TFIKZRCSuVxPdvMv6ShAm-aa9naT7cCR58Wo68oXq5yr9QnLPwRhc9yTgqOn-cORIJbNgrf8DUCwMwMN9eMbdwrQUVHTjQ2Na6dVsz-Bk-QHH--dx9FVxqs8H79axD41MFWi7AP_I5LisPTKAJv084wrXzUoc8B5_yG5BQR_sQus78NQdwKeBU_82yTvAUcVS4T965MPB6aq6-l_hHmslnrgQYA-2twJcsWm1X6A8M3BZuE2WugAAvSAE7QurSJSkB_fA4.WT7FRRx2kB9LdqLtreJB_6CngMk35iudyLdiHGqzMG8&dib_tag=se&qid=1759817080&s=electronics&sr=1-2&xpid=ZsUd_BzzbA__g,B0D6BPY3SC,"1,264",4.0,479
"Oraimo FreePods 3C (OEB-E104DC), ENC Calling Noise Cancellation, powerful bass 4 mics, Long Playtime True Wireless Earbuds IPX5-Water Resistant, Via App – Black (1 Year Warranty)",https://www.amazon.eg/-/en/Oraimo-OEB-E104DC-Cancellation-IPX5-Water-Resistant/dp/B0C8TGCVL1/ref=sr_1_3?dib=eyJ2IjoiMSJ9.yl3m33qmQFV_Z77Dmqij9_7uQe_5lhz7NiS_9TFIKZRCSuVxPdvMv6ShAm-aa9naT7cCR58Wo68oXq5yr9QnLPwRhc9yTgqOn-cORIJbNgrf8DUCwMwMN9eMbdwrQUVHTjQ2Na6dVsz-Bk-QHH--dx9FVxqs8H79axD41MFWi7AP_I5LisPTKAJv084wrXzUoc8B5_yG5BQR_sQus78NQdwKeBU_82yTvAUcVS4T965MPB6aq6-l_hHmslnrgQYA-2twJcsWm1X6A8M3BZuE2WugAAvSAE7QurSJSkB_fA4.WT7FRRx2kB9LdqLtreJB_6CngMk35iudyLdiHGqzMG8&dib_tag=se&qid=1759817080&s=electronics&sr=1-3&xpid=ZsUd_BzzbA__g,B0C8TGCVL1,899,3.8,734
"AirPods Pro 2 Plus Bluetooth Headset with Active Noise Cancelling Wireless Charging Case (White, True Wireless) in Ear",https://www.amazon.eg/-/en/AirPods-Bluetooth-Cancelling-Wireless-Charging/dp/B0CVVBP6R8/ref=sr_1_4?dib=eyJ2IjoiMSJ9.yl3m33qmQFV_Z77Dmqij9_7uQe_5lhz7NiS_9TFIKZRCSuVxPdvMv6ShAm-aa9naT7cCR58Wo68oXq5yr9QnLPwRhc9yTgqOn-cORIJbNgrf8DUCwMwMN9eMbdwrQUVHTjQ2Na6dVsz-Bk-QHH--dx9FVxqs8H79axD41MFWi7AP_I5LisPTKAJv084wrXzUoc8B5_yG5BQR_sQus78NQdwKeBU_82yTvAUcVS4T965MPB6aq6-l_hHmslnrgQYA-2twJcsWm1X6A8M3BZuE2WugAAvSAE7QurSJSkB_fA4.WT7FRRx2kB9LdqLtreJB_6CngMk35iudyLdiHGqzMG8&dib_tag=se&qid=1759817080&s=electronics&sr=1-4&xpid=ZsUd_BzzbA__g,B0CVVBP6R8,320,2.5,383
"Xiaomi Wireless Earphones, Redmi buds 6 Play, 36 Hours Playtime, AI Call Noise Reduction, Ultra Lightweight, Compatible with Google Fast Pair, Fast Charging, Black |6 month manufacturer warranty",https://www.amazon.eg/-/en/Earphones-Reduction-Lightweight-Compatible-manufacturer/dp/B0DBHRWRKC/ref=sr_1_5?dib=eyJ2IjoiMSJ9.yl3m33qmQFV_Z77Dmqij9_7uQe_5lhz7NiS_9TFIKZRCSuVxPdvMv6ShAm-aa9naT7cCR58Wo68oXq5yr9QnLPwRhc9yTgqOn-cORIJbNgrf8DUCwMwMN9eMbdwrQUVHTjQ2Na6dVsz-Bk-QHH--dx9FVxqs8H79axD41MFWi7AP_I5LisPTKAJv084wrXzUoc8B5_yG5BQR_sQus78NQdwKeBU_82yTvAUcVS4T965MPB6aq6-l_hHmslnrgQYA-2twJcsWm1X6A8M3BZuE2WugAAvSAE7QurSJSkB_fA4.WT7FRRx2kB9LdqLtreJB_6CngMk35iudyLdiHGqzMG8&dib_tag=se&qid=1759817080&s=electronics&sr=1-5&xpid=ZsUd_BzzbA__g,B0DBHRWRKC,665,3.9,23.7K
"HUAWEI FreeBuds SE 2, 40-Hour Battery Life, Compact and Comfortable to Grip, 3 Hours of Music Playback on a 10-Minute Charge, IP54 Dust & Splash Resistance, Isle Blue",https://www.amazon.eg/-/en/HUAWEI-Comfortable-10-Minute-Resistance-Blue/dp/B0CDM94MJL/ref=sr_1_6?dib=eyJ2IjoiMSJ9.yl3m33qmQFV_Z77Dmqij9_7uQe_5lhz7NiS_9TFIKZRCSuVxPdvMv6ShAm-aa9naT7cCR58Wo68oXq5yr9QnLPwRhc9yTgqOn-cORIJbNgrf8DUCwMwMN9eMbdwrQUVHTjQ2Na6dVsz-Bk-QHH--dx9FVxqs8H79axD41MFWi7AP_I5LisPTKAJv084wrXzUoc8B5_yG5BQR_sQus78NQdwKeBU_82yTvAUcVS4T965MPB6aq6-l_hHmslnrgQYA-2twJcsWm1X6A8M3BZuE2WugAAvSAE7QurSJSkB_fA4.WT7FRRx2kB9LdqLtreJB_6CngMk35iudyLdiHGqzMG8&dib_tag=se&qid=1759817080&s=electronics&sr=1-6&xpid=ZsUd_BzzbA__g,B0CDM94MJL,"1,087",4.4,9.5K
"ANKER Soundcore Q11i Wireless Headphones, 40mm Dynamic DriverHi-Res Audio, One-Touch Bass Boost, 60-Hour Playtime, Detachable Ear Cushions, Bluetooth V5.3, Dark Gray | 18 Months Warranty",https://www.amazon.eg/-/en/Soundcore-Headphones-DriverHi-Res-One-Touch-Detachable/dp/B0DJW5G283/ref=sr_1_7?dib=eyJ2IjoiMSJ9.yl3m33qmQFV_Z77Dmqij9_7uQe_5lhz7NiS_9TFIKZRCSuVxPdvMv6ShAm-aa9naT7cCR58Wo68oXq5yr9QnLPwRhc9yTgqOn-cORIJbNgrf8DUCwMwMN9eMbdwrQUVHTjQ2Na6dVsz-Bk-QHH--dx9FVxqs8H79axD41MFWi7AP_I5LisPTKAJv084wrXzUoc8B5_yG5BQR_sQus78NQdwKeBU_82yTvAUcVS4T965MPB6aq6-l_hHmslnrgQYA-2twJcsWm1X6A8M3BZuE2WugAAvSAE7QurSJSkB_fA4.WT7FRRx2kB9LdqLtreJB_6CngMk35iudyLdiHGqzMG8&dib_tag=se&qid=1759817080&s=electronics&sr=1-7&xpid=ZsUd_BzzbA__g,B0DJW5G283,"1,700",4.6,1.1K
"HUAWEI FreeBuds 6i, Intelligent Dynamic ANC 3.0, Punchy Bass, Fast Charging, Longer Listening, Distraction-Free Calling, IP54 Sweat- and Water-resistance, Dual-Device Connection, White",https://www.amazon.eg/-/en/HUAWEI-Intelligent-Distraction-Free-Water-resistance-Dual-Device/dp/B0D35JN2JH/ref=sr_1_8?dib=eyJ2IjoiMSJ9.yl3m33qmQFV_Z77Dmqij9_7uQe_5lhz7NiS_9TFIKZRCSuVxPdvMv6ShAm-aa9naT7cCR58Wo68oXq5yr9QnLPwRhc9yTgqOn-cORIJbNgrf8DUCwMwMN9eMbdwrQUVHTjQ2Na6dVsz-Bk-QHH--dx9FVxqs8H79axD41MFWi7AP_I5LisPTKAJv084wrXzUoc8B5_yG5BQR_sQus78NQdwKeBU_82yTvAUcVS4T965MPB6aq6-l_hHmslnrgQYA-2twJcsWm1X6A8M3BZuE2WugAAvSAE7QurSJSkB_fA4.WT7FRRx2kB9LdqLtreJB_6CngMk35iudyLdiHGqzMG8&dib_tag=se&qid=1759817080&s=electronics&sr=1-8&xpid=ZsUd_BzzbA__g,B0D35JN2JH,"2,662",4.4,341
"Anker soundcore Liberty 4 NC Wireless, 98.5% Noise Reduction, Adaptive Noise Cancelling to Ears 50H Battery, Wireless Charging, Bluetooth 5.3+ 18 Months Local Warranty - Black",https://www.amazon.eg/-/en/Anker-soundcore-Reduction-Cancelling-Bluetooth/dp/B0BZV4QFP8/ref=sr_1_9?dib=eyJ2IjoiMSJ9.yl3m33qmQFV_Z77Dmqij9_7uQe_5lhz7NiS_9TFIKZRCSuVxPdvMv6ShAm-aa9naT7cCR58Wo68oXq5yr9QnLPwRhc9yTgqOn-cORIJbNgrf8DUCwMwMN9eMbdwrQUVHTjQ2Na6dVsz-Bk-QHH--dx9FVxqs8H79axD41MFWi7AP_I5LisPTKAJv084wrXzUoc8B5_yG5BQR_sQus78NQdwKeBU_82yTvAUcVS4T965MPB6aq6-l_hHmslnrgQYA-2twJcsWm1X6A8M3BZuE2WugAAvSAE7QurSJSkB_fA4.WT7FRRx2kB9LdqLtreJB_6CngMk35iudyLdiHGqzMG8&dib_tag=se&qid=1759817080&s=electronics&sr=1-9&xpid=ZsUd_BzzbA__g,B0BZV4QFP8,"2,550",3.9,10.4K
Oraimo OTW-323 SpaceBuds Neo Premium Earbuds Immersive Audio for Dynamic Lifestyles - Speed Black,https://www.amazon.eg/-/en/Oraimo-OTW-323-SpaceBuds-Immersive-Lifestyles/dp/B0F7FVY8FS/ref=sr_1_10?dib=eyJ2IjoiMSJ9.yl3m33qmQFV_Z77Dmqij9_7uQe_5lhz7NiS_9TFIKZRCSuVxPdvMv6ShAm-aa9naT7cCR58Wo68oXq5yr9QnLPwRhc9yTgqOn-cORIJbNgrf8DUCwMwMN9eMbdwrQUVHTjQ2Na6dVsz-Bk-QHH--dx9FVxqs8H79axD41MFWi7AP_I5LisPTKAJv084wrXzUoc8B5_yG5BQR_sQus78NQdwKeBU_82yTvAUcVS4T965MPB6aq6-l_hHmslnrgQYA-2twJcsWm1X6A8M3BZuE2WugAAvSAE7QurSJSkB_fA4.WT7FRRx2kB9LdqLtreJB_6CngMk35iudyLdiHGqzMG8&dib_tag=se&qid=1759817080&s=electronics&sr=1-10&xpid=ZsUd_BzzbA__g,B0F7FVY8FS,564,3.9,2.8K
"Soundcore P30i by Anker Noise Cancelling Earbuds, Strong and Smart Noise Cancelling, Powerful Bass, 45H Playtime, 2-in-1 Case and Phone Stand, IP54, Wireless Earbuds, Bluetooth 5.4 (Black)",https://www.amazon.eg/-/en/Soundcore-Cancelling-Powerful-Playtime-Bluetooth/dp/B0CRTYZG5C/ref=sr_1_11?dib=eyJ2IjoiMSJ9.yl3m33qmQFV_Z77Dmqij9_7uQe_5lhz7NiS_9TFIKZRCSuVxPdvMv6ShAm-aa9naT7cCR58Wo68oXq5yr9QnLPwRhc9yTgqOn-cORIJbNgrf8DUCwMwMN9eMbdwrQUVHTjQ2Na6dVsz-Bk-QHH--dx9FVxqs8H79axD41MFWi7AP_I5LisPTKAJv084wrXzUoc8B5_yG5BQR_sQus78NQdwKeBU_82yTvAUcVS4T965MPB6aq6-l_hHmslnrgQYA-2twJcsWm1X6A8M3BZuE2WugAAvSAE7QurSJSkB_fA4.WT7FRRx2kB9LdqLtreJB_6CngMk35iudyLdiHGqzMG8&dib_tag=se&qid=1759817080&s=electronics&sr=1-11&xpid=ZsUd_BzzbA__g,B0CRTYZG5C,,4.2,13.7K
"Soundcore By Anker R50i True Wireless Earbuds 10mm Drivers, Big Bass, Bluetooth 5.3, 30H Playtime, IPX5-Water Resistant, AI Clear Calls with 2 Mics, 22 Preset EQs via App, Black, 18 Months Warranty",https://www.amazon.eg/-/en/Soundcore-Anker-Bluetooth-IPX5-Water-Resistant/dp/B0CM6JQHTL/ref=sr_1_12?dib=eyJ2IjoiMSJ9.yl3m33qmQFV_Z77Dmqij9_7uQe_5lhz7NiS_9TFIKZRCSuVxPdvMv6ShAm-aa9naT7cCR58Wo68oXq5yr9QnLPwRhc9yTgqOn-cORIJbNgrf8DUCwMwMN9eMbdwrQUVHTjQ2Na6dVsz-Bk-QHH--dx9FVxqs8H79axD41MFWi7AP_I5LisPTKAJv084wrXzUoc8B5_yG5BQR_sQus78NQdwKeBU_82yTvAUcVS4T965MPB6aq6-l_hHmslnrgQYA-2twJcsWm1X6A8M3BZuE2WugAAvSAE7QurSJSkB_fA4.WT7FRRx2kB9LdqLtreJB_6CngMk35iudyLdiHGqzMG8&dib_tag=se&qid=1759817080&s=electronics&sr=1-12&xpid=ZsUd_BzzbA__g,B0CM6JQHTL,749,3.8,387
"Anker Soundcore VI R50i True Wireless Earbuds with 10mm Drivers for Powerful Bass, Bluetooth 5.3, Long Playtime (30 Hours), Water Resistant, 2 Clear Mics, and 22 Preset EQs,18 Months Warranty",https://www.amazon.eg/-/en/Anker-Soundcore-Wireless-Bluetooth-Resistant/dp/B0C7CQT9ZS/ref=sr_1_13?dib=eyJ2IjoiMSJ9.yl3m33qmQFV_Z77Dmqij9_7uQe_5lhz7NiS_9TFIKZRCSuVxPdvMv6ShAm-aa9naT7cCR58Wo68oXq5yr9QnLPwRhc9yTgqOn-cORIJbNgrf8DUCwMwMN9eMbdwrQUVHTjQ2Na6dVsz-Bk-QHH--dx9FVxqs8H79axD41MFWi7AP_I5LisPTKAJv084wrXzUoc8B5_yG5BQR_sQus78NQdwKeBU_82yTvAUcVS4T965MPB6aq6-l_hHmslnrgQYA-2twJcsWm1X6A8M3BZuE2WugAAvSAE7QurSJSkB_fA4.WT7FRRx2kB9LdqLtreJB_6CngMk35iudyLdiHGqzMG8&dib_tag=se&qid=1759817080&s=electronics&sr=1-13&xpid=ZsUd_BzzbA__g,B0C7CQT9ZS,864,4.1,2.1K
"Wireless Earbuds (PRO 2nd generation) Bluetooth for Android/iOS with Touch Control, Noise Canceling, Charging case",https://www.amazon.eg/-/en/Wireless-generation-Bluetooth-Canceling-Charging/dp/B0CHWWMCSF/ref=sr_1_14?dib=eyJ2IjoiMSJ9.yl3m33qmQFV_Z77Dmqij9_7uQe_5lhz7NiS_9TFIKZRCSuVxPdvMv6ShAm-aa9naT7cCR58Wo68oXq5yr9QnLPwRhc9yTgqOn-cORIJbNgrf8DUCwMwMN9eMbdwrQUVHTjQ2Na6dVsz-Bk-QHH--dx9FVxqs8H79axD41MFWi7AP_I5LisPTKAJv084wrXzUoc8B5_yG5BQR_sQus78NQdwKeBU_82yTvAUcVS4T965MPB6aq6-l_hHmslnrgQYA-2twJcsWm1X6A8M3BZuE2WugAAvSAE7QurSJSkB_fA4.WT7FRRx2kB9LdqLtreJB_6CngMk35iudyLdiHGqzMG8&dib_tag=se&qid=1759817080&s=electronics&sr=1-14&xpid=ZsUd_BzzbA__g,B0CHWWMCSF,285,2.5,72
"Anker soundcore life u2i bluetooth neckband with 22 h playtime, 10 mm drivers,clear calls , usb-c fast charging, foldable & lightweight build, ipx5 waterproof - black-18 months local warranty",https://www.amazon.eg/-/en/soundcore-bluetooth-neckband-lightweight-waterproof/dp/B09K7MM86Z/ref=sr_1_15?dib=eyJ2IjoiMSJ9.yl3m33qmQFV_Z77Dmqij9_7uQe_5lhz7NiS_9TFIKZRCSuVxPdvMv6ShAm-aa9naT7cCR58Wo68oXq5yr9QnLPwRhc9yTgqOn-cORIJbNgrf8DUCwMwMN9eMbdwrQUVHTjQ2Na6dVsz-Bk-QHH--dx9FVxqs8H79axD41MFWi7AP_I5LisPTKAJv084wrXzUoc8B5_yG5BQR_sQus78NQdwKeBU_82yTvAUcVS4T965MPB6aq6-l_hHmslnrgQYA-2twJcsWm1X6A8M3BZuE2WugAAvSAE7QurSJSkB_fA4.WT7FRRx2kB9LdqLtreJB_6CngMk35iudyLdiHGqzMG8&dib_tag=se&qid=1759817080&s=electronics&sr=1-15&xpid=ZsUd_BzzbA__g,B09K7MM86Z,677,3.9,1.7K
"Samsung Galaxy Buds3 Pro, Wireless Bluetooth Earbuds with Adaptive: Noise Control, Hi-Fi Sound, 360 Audio-Silver - 1 Year Local Warranty",https://www.amazon.eg/-/en/Samsung-Wireless-Bluetooth-Earbuds-Adaptive/dp/B0D8LHSKTX/ref=sr_1_16?dib=eyJ2IjoiMSJ9.yl3m33qmQFV_Z77Dmqij9_7uQe_5lhz7NiS_9TFIKZRCSuVxPdvMv6ShAm-aa9naT7cCR58Wo68oXq5yr9QnLPwRhc9yTgqOn-cORIJbNgrf8DUCwMwMN9eMbdwrQUVHTjQ2Na6dVsz-Bk-QHH--dx9FVxqs8H79axD41MFWi7AP_I5LisPTKAJv084wrXzUoc8B5_yG5BQR_sQus78NQdwKeBU_82yTvAUcVS4T965MPB6aq6-l_hHmslnrgQYA-2twJcsWm1X6A8M3BZuE2WugAAvSAE7QurSJSkB_fA4.WT7FRRx2kB9LdqLtreJB_6CngMk35iudyLdiHGqzMG8&dib_tag=se&qid=1759817080&s=electronics&sr=1-16&xpid=ZsUd_BzzbA__g,B0D8LHSKTX,"5,949",4.2,404
"Soundcore K20i by Anker, Semi-in-Ear Earbuds, Bluetooth Wireless, 36H Playtime, Fast Charge, Clear Sound, ENC 2-Mic Clear Calls, Custom EQ, IPX5, Bluetooth 5.3, App Control (Black) 18 Months Warranty",https://www.amazon.eg/-/en/Soundcore-Bluetooth-Wireless-Playtime-Warranty/dp/B0D22RLPP3/ref=sr_1_17?dib=eyJ2IjoiMSJ9.yl3m33qmQFV_Z77Dmqij9_7uQe_5lhz7NiS_9TFIKZRCSuVxPdvMv6ShAm-aa9naT7cCR58Wo68oXq5yr9QnLPwRhc9yTgqOn-cORIJbNgrf8DUCwMwMN9eMbdwrQUVHTjQ2Na6dVsz-Bk-QHH--dx9FVxqs8H79axD41MFWi7AP_I5LisPTKAJv084wrXzUoc8B5_yG5BQR_sQus78NQdwKeBU_82yTvAUcVS4T965MPB6aq6-l_hHmslnrgQYA-2twJcsWm1X6A8M3BZuE2WugAAvSAE7QurSJSkB_fA4.WT7FRRx2kB9LdqLtreJB_6CngMk35iudyLdiHGqzMG8&dib_tag=se&qid=1759817080&s=electronics&sr=1-17&xpid=ZsUd_BzzbA__g,B0D22RLPP3,660,3.4,2.3K
M10 New M10 TWS Immersive Wireless Earbuds with Wireless Charging Case Bluetooth 5.1 9D Premium Sound Deep Bass Sports Waterproof IPX7 with Mic 6 hr Playing Time,https://www.amazon.eg/-/en/M10-Immersive-Wireless-Bluetooth-Waterproof/dp/B096N9YPC8/ref=sr_1_18?dib=eyJ2IjoiMSJ9.yl3m33qmQFV_Z77Dmqij9_7uQe_5lhz7NiS_9TFIKZRCSuVxPdvMv6ShAm-aa9naT7cCR58Wo68oXq5yr9QnLPwRhc9yTgqOn-cORIJbNgrf8DUCwMwMN9eMbdwrQUVHTjQ2Na6dVsz-Bk-QHH--dx9FVxqs8H79axD41MFWi7AP_I5LisPTKAJv084wrXzUoc8B5_yG5BQR_sQus78NQdwKeBU_82yTvAUcVS4T965MPB6aq6-l_hHmslnrgQYA-2twJcsWm1X6A8M3BZuE2WugAAvSAE7QurSJSkB_fA4.WT7FRRx2kB9LdqLtreJB_6CngMk35iudyLdiHGqzMG8&dib_tag=se&qid=1759817080&s=electronics&sr=1-18&xpid=ZsUd_BzzbA__g,B096N9YPC8,157,2.6,365
"Oraimo Necklace Lite OEB-311 Neckband Wireless in Ear Earphones Deep Bass,30Hrs Playtime,ASAP Charge,ENC Tech,Low-Latency Ergonomic Neckband, Sweat-Resistant Magnetic Earbuds, Dual Pairing",https://www.amazon.eg/-/en/Oraimo-Earphones-Low-Latency-Ergonomic-Sweat-Resistant/dp/B0DHHDRCVQ/ref=sr_1_19?dib=eyJ2IjoiMSJ9.yl3m33qmQFV_Z77Dmqij9_7uQe_5lhz7NiS_9TFIKZRCSuVxPdvMv6ShAm-aa9naT7cCR58Wo68oXq5yr9QnLPwRhc9yTgqOn-cORIJbNgrf8DUCwMwMN9eMbdwrQUVHTjQ2Na6dVsz-Bk-QHH--dx9FVxqs8H79axD41MFWi7AP_I5LisPTKAJv084wrXzUoc8B5_yG5BQR_sQus78NQdwKeBU_82yTvAUcVS4T965MPB6aq6-l_hHmslnrgQYA-2twJcsWm1X6A8M3BZuE2WugAAvSAE7QurSJSkB_fA4.WT7FRRx2kB9LdqLtreJB_6CngMk35iudyLdiHGqzMG8&dib_tag=se&qid=1759817080&s=electronics&sr=1-19&xpid=ZsUd_BzzbA__g,B0DHHDRCVQ,664,4.0,60
"Soundcore Liberty 4 NC Earbuds, 98.5 Percent Noise Reduction, Adaptive Cancelling To Ears And Environment, Hi-Res Sound, 50H Battery, Wireless Charging, Bluetooth 5.3 Navy Blue -18 Months Warranty",https://www.amazon.eg/-/en/Soundcore-Reduction-Cancelling-Environment-Bluetooth/dp/B0CFXMZRGV/ref=sr_1_20?dib=eyJ2IjoiMSJ9.yl3m33qmQFV_Z77Dmqij9_7uQe_5lhz7NiS_9TFIKZRCSuVxPdvMv6ShAm-aa9naT7cCR58Wo68oXq5yr9QnLPwRhc9yTgqOn-cORIJbNgrf8DUCwMwMN9eMbdwrQUVHTjQ2Na6dVsz-Bk-QHH--dx9FVxqs8H79axD41MFWi7AP_I5LisPTKAJv084wrXzUoc8B5_yG5BQR_sQus78NQdwKeBU_82yTvAUcVS4T965MPB6aq6-l_hHmslnrgQYA-2twJcsWm1X6A8M3BZuE2WugAAvSAE7QurSJSkB_fA4.WT7FRRx2kB9LdqLtreJB_6CngMk35iudyLdiHGqzMG8&dib_tag=se&qid=1759817080&s=electronics&sr=1-20&xpid=ZsUd_BzzbA__g,B0CFXMZRGV,"3,150",4.0,99
Joyroom JR-T03S Pro 3rd Generation Jerry version Normal Quality TWS Bluetooth Headset Support Wireless charge pop-up and noise reduction - White,https://www.amazon.eg/-/en/Joyroom-Generation-Bluetooth-Wireless-reduction/dp/B0CH8H6ZL6/ref=sr_1_21?dib=eyJ2IjoiMSJ9.yl3m33qmQFV_Z77Dmqij9_7uQe_5lhz7NiS_9TFIKZRCSuVxPdvMv6ShAm-aa9naT7cCR58Wo68oXq5yr9QnLPwRhc9yTgqOn-cORIJbNgrf8DUCwMwMN9eMbdwrQUVHTjQ2Na6dVsz-Bk-QHH--dx9FVxqs8H79axD41MFWi7AP_I5LisPTKAJv084wrXzUoc8B5_yG5BQR_sQus78NQdwKeBU_82yTvAUcVS4T965MPB6aq6-l_hHmslnrgQYA-2twJcsWm1X6A8M3BZuE2WugAAvSAE7QurSJSkB_fA4.WT7FRRx2kB9LdqLtreJB_6CngMk35iudyLdiHGqzMG8&dib_tag=se&qid=1759817080&s=electronics&sr=1-21&xpid=ZsUd_BzzbA__g,B0CH8H6ZL6,599,3.6,171
"Soundcore V20i by Anker Open-Ear Headphones, Adjustable Ear Hooks, Ultra-Comfort, Snug Fit, Powerful Sound, Clear Calls, LED Lights, 36H Playtime, Bluetooth 5.4 Earbuds, Black - 18 Months Warranty",https://www.amazon.eg/-/en/Soundcore-Headphones-Adjustable-Ultra-Comfort-Bluetooth/dp/B0D2XRXNGY/ref=sr_1_22?dib=eyJ2IjoiMSJ9.yl3m33qmQFV_Z77Dmqij9_7uQe_5lhz7NiS_9TFIKZRCSuVxPdvMv6ShAm-aa9naT7cCR58Wo68oXq5yr9QnLPwRhc9yTgqOn-cORIJbNgrf8DUCwMwMN9eMbdwrQUVHTjQ2Na6dVsz-Bk-QHH--dx9FVxqs8H79axD41MFWi7AP_I5LisPTKAJv084wrXzUoc8B5_yG5BQR_sQus78NQdwKeBU_82yTvAUcVS4T965MPB6aq6-l_hHmslnrgQYA-2twJcsWm1X6A8M3BZuE2WugAAvSAE7QurSJSkB_fA4.WT7FRRx2kB9LdqLtreJB_6CngMk35iudyLdiHGqzMG8&dib_tag=se&qid=1759817080&s=electronics&sr=1-22&xpid=ZsUd_BzzbA__g,B0D2XRXNGY,"1,436",4.4,5K
"Soundcore by Anker R50i NC Wireless Bluetooth Earphones, Powerful and Smart Noise Cancelling, Powerful Bass, 45 Hours Playtime, 2-in-1 Case and Phone Stand, IP54, Bluetooth 5.4, Black",https://www.amazon.eg/-/en/Soundcore-Wireless-Bluetooth-Earphones-Cancelling/dp/B0DM9KBP4B/ref=sr_1_23?dib=eyJ2IjoiMSJ9.yl3m33qmQFV_Z77Dmqij9_7uQe_5lhz7NiS_9TFIKZRCSuVxPdvMv6ShAm-aa9naT7cCR58Wo68oXq5yr9QnLPwRhc9yTgqOn-cORIJbNgrf8DUCwMwMN9eMbdwrQUVHTjQ2Na6dVsz-Bk-QHH--dx9FVxqs8H79axD41MFWi7AP_I5LisPTKAJv084wrXzUoc8B5_yG5BQR_sQus78NQdwKeBU_82yTvAUcVS4T965MPB6aq6-l_hHmslnrgQYA-2twJcsWm1X6A8M3BZuE2WugAAvSAE7QurSJSkB_fA4.WT7FRRx2kB9LdqLtreJB_6CngMk35iudyLdiHGqzMG8&dib_tag=se&qid=1759817080&s=electronics&sr=1-23&xpid=ZsUd_BzzbA__g,B0DM9KBP4B,"1,175",4.0,91
"Anker soundcore Liberty 4 NC Wireless Noise Cancelling Earbuds, Adaptive Noise Cancelling to Ears and Environment, Hi-Res Sound, 50H Battery, Wireless Charging, Bluetooth 5.3 - White",https://www.amazon.eg/-/en/Anker-soundcore-Cancelling-Environment-Bluetooth/dp/B0CCH9M3FF/ref=sr_1_24?dib=eyJ2IjoiMSJ9.yl3m33qmQFV_Z77Dmqij9_7uQe_5lhz7NiS_9TFIKZRCSuVxPdvMv6ShAm-aa9naT7cCR58Wo68oXq5yr9QnLPwRhc9yTgqOn-cORIJbNgrf8DUCwMwMN9eMbdwrQUVHTjQ2Na6dVsz-Bk-QHH--dx9FVxqs8H79axD41MFWi7AP_I5LisPTKAJv084wrXzUoc8B5_yG5BQR_sQus78NQdwKeBU_82yTvAUcVS4T965MPB6aq6-l_hHmslnrgQYA-2twJcsWm1X6A8M3BZuE2WugAAvSAE7QurSJSkB_fA4.WT7FRRx2kB9LdqLtreJB_6CngMk35iudyLdiHGqzMG8&dib_tag=se&qid=1759817080&s=electronics&sr=1-24&xpid=ZsUd_BzzbA__g,B0CCH9M3FF,"2,688",4.2,4.9K
"Air Puds Pro Wireless Bluetooth Earbuds With Charging Case, Noise Cancelling, in-Ear Mic, IPX5 Waterproof for iPhone/Android/Airpod Pro",https://www.amazon.eg/-/en/Wireless-Bluetooth-Charging-Cancelling-Waterproof/dp/B0CVXQ31DZ/ref=sr_1_25?dib=eyJ2IjoiMSJ9.CeHgxM1VraXiDN-z5pWPqKSqLmYxk96-69NJWm34LkgfBqJBs9EDDhLLNQsPQ4nxPuPZAy9A2Ey0jnEqrHv4x2alROiiMc2booBvLhdpg1nAFsxvbvT-zEkIRvmJOYIrTMiXDtWfxHTrkxWFoQPk_92mDf5Fg2MTiCkf4Od8cbxEu1sKpWOsVnv6teyc7oqneA_cqmc7uK50jrlCrD0_P0lzxhO-PxiafrUig7FWygeHZIqTtfGYWBMADklysE6otjZUz9dLKoNlXrghuzhIySzgAnSTHMedE_pOORsZqFM.1Y57PntwZqE85VOsj049vsm1qTjfC8Wts-u_ywSQx1I&dib_tag=se&qid=1759817093&s=electronics&sr=1-25&xpid=ZsUd_BzzbA__g,B0CVXQ31DZ,308,2.3,63
"Earbuds Air31, Wireless, Wired Earphones Transparent with Deep Bass, Stereo Sound, Bluetooth Headphone with Charging Case, White, Black and Pink (black)",https://www.amazon.eg/-/en/Air31-Earphones-Transparent-Bluetooth-Headphone/dp/B0C4JRWJGM/ref=sr_1_26?dib=eyJ2IjoiMSJ9.CeHgxM1VraXiDN-z5pWPqKSqLmYxk96-69NJWm34LkgfBqJBs9EDDhLLNQsPQ4nxPuPZAy9A2Ey0jnEqrHv4x2alROiiMc2booBvLhdpg1nAFsxvbvT-zEkIRvmJOYIrTMiXDtWfxHTrkxWFoQPk_92mDf5Fg2MTiCkf4Od8cbxEu1sKpWOsVnv6teyc7oqneA_cqmc7uK50jrlCrD0_P0lzxhO-PxiafrUig7FWygeHZIqTtfGYWBMADklysE6otjZUz9dLKoNlXrghuzhIySzgAnSTHMedE_pOORsZqFM.1Y57PntwZqE85VOsj049vsm1qTjfC8Wts-u_ywSQx1I&dib_tag=se&qid=1759817093&s=electronics&sr=1-26&xpid=ZsUd_BzzbA__g,B0C4JRWJGM,238,2.1,84
"CMF by Nothing Buds Pro 2, Premium Noise-Canceling Wireless Earbuds, Deep Bass, IP55 Water Resistance, Dark Grey",https://www.amazon.eg/-/en/CMF-Nothing-Noise-Canceling-Wireless-Resistance/dp/B0D54298JX/ref=sr_1_27?dib=eyJ2IjoiMSJ9.CeHgxM1VraXiDN-z5pWPqKSqLmYxk96-69NJWm34LkgfBqJBs9EDDhLLNQsPQ4nxPuPZAy9A2Ey0jnEqrHv4x2alROiiMc2booBvLhdpg1nAFsxvbvT-zEkIRvmJOYIrTMiXDtWfxHTrkxWFoQPk_92mDf5Fg2MTiCkf4Od8cbxEu1sKpWOsVnv6teyc7oqneA_cqmc7uK50jrlCrD0_P0lzxhO-PxiafrUig7FWygeHZIqTtfGYWBMADklysE6otjZUz9dLKoNlXrghuzhIySzgAnSTHMedE_pOORsZqFM.1Y57PntwZqE85VOsj049vsm1qTjfC8Wts-u_ywSQx1I&dib_tag=se&qid=1759817093&s=electronics&sr=1-27&xpid=ZsUd_BzzbA__g,B0D54298JX,"2,899",4.4,1.2K
"Infinix-Buds Neo-XE26 Black V5.3 Bluetooth Earbuds, AI ENC Clear Calls & Sound with 4 Mics, ENC Noise Cancellation, 28 hrs Battery Life, 40/500 mAh, IPX4 Water Resistant, 1 Year Warranty.",https://www.amazon.eg/-/en/Infinix-Buds-Bluetooth-Cancellation-Resistant-Warranty/dp/B0CX9HJ4C1/ref=sr_1_28?dib=eyJ2IjoiMSJ9.CeHgxM1VraXiDN-z5pWPqKSqLmYxk96-69NJWm34LkgfBqJBs9EDDhLLNQsPQ4nxPuPZAy9A2Ey0jnEqrHv4x2alROiiMc2booBvLhdpg1nAFsxvbvT-zEkIRvmJOYIrTMiXDtWfxHTrkxWFoQPk_92mDf5Fg2MTiCkf4Od8cbxEu1sKpWOsVnv6teyc7oqneA_cqmc7uK50jrlCrD0_P0lzxhO-PxiafrUig7FWygeHZIqTtfGYWBMADklysE6otjZUz9dLKoNlXrghuzhIySzgAnSTHMedE_pOORsZqFM.1Y57PntwZqE85VOsj049vsm1qTjfC8Wts-u_ywSQx1I&dib_tag=se&qid=1759817093&s=electronics&sr=1-28&xpid=ZsUd_BzzbA__g,B0CX9HJ4C1,599,3.5,51
Wireless Earbuds Bluetooth 5.3 Headphones Deep Bass with Mic 140H Playtime LED Display with Charging Case IPX4 Waterproof Stereo Earphones In-Ear CVC 8.0 Noise Reduction Headset For Sport/Work M90 Pro,https://www.amazon.eg/-/en/Bluetooth-Headphones-Waterproof-M90-Pro/dp/B0CSZ4W59B/ref=sr_1_29?dib=eyJ2IjoiMSJ9.CeHgxM1VraXiDN-z5pWPqKSqLmYxk96-69NJWm34LkgfBqJBs9EDDhLLNQsPQ4nxPuPZAy9A2Ey0jnEqrHv4x2alROiiMc2booBvLhdpg1nAFsxvbvT-zEkIRvmJOYIrTMiXDtWfxHTrkxWFoQPk_92mDf5Fg2MTiCkf4Od8cbxEu1sKpWOsVnv6teyc7oqneA_cqmc7uK50jrlCrD0_P0lzxhO-PxiafrUig7FWygeHZIqTtfGYWBMADklysE6otjZUz9dLKoNlXrghuzhIySzgAnSTHMedE_pOORsZqFM.1Y57PntwZqE85VOsj049vsm1qTjfC8Wts-u_ywSQx1I&dib_tag=se&qid=1759817093&s=electronics&sr=1-29&xpid=ZsUd_BzzbA__g,B0CSZ4W59B,220,3.3,93
"soundcore by Anker R50i VI True Wireless Earbuds, 10mm Drivers with Big Bass, Bluetooth 5.3, 30H Long Playtime, Water-Resistant, 2 Mics for AI Clear Calls, 22 Preset EQs, Black - 18 Months Warranty",https://www.amazon.eg/-/en/soundcore-Wireless-Bluetooth-Playtime-Water-Resistant/dp/B0DCVPY1LV/ref=sr_1_30?dib=eyJ2IjoiMSJ9.CeHgxM1VraXiDN-z5pWPqKSqLmYxk96-69NJWm34LkgfBqJBs9EDDhLLNQsPQ4nxPuPZAy9A2Ey0jnEqrHv4x2alROiiMc2booBvLhdpg1nAFsxvbvT-zEkIRvmJOYIrTMiXDtWfxHTrkxWFoQPk_92mDf5Fg2MTiCkf4Od8cbxEu1sKpWOsVnv6teyc7oqneA_cqmc7uK50jrlCrD0_P0lzxhO-PxiafrUig7FWygeHZIqTtfGYWBMADklysE6otjZUz9dLKoNlXrghuzhIySzgAnSTHMedE_pOORsZqFM.1Y57PntwZqE85VOsj049vsm1qTjfC8Wts-u_ywSQx1I&dib_tag=se&qid=1759817093&s=electronics&sr=1-30&xpid=ZsUd_BzzbA__g,B0DCVPY1LV,848,4.0,349
"Xiaomi Mi In-Ear Earphones Basic with High-Fidelity Sound, Built-in Microphone, and Comfortable Silicone Ear Tips in Black for Enhanced Audio Quality and Clear Calls",https://www.amazon.eg/-/en/Earphones-High-Fidelity-Microphone-Comfortable-Silicone/dp/B01N0Z1YKE/ref=sr_1_31?dib=eyJ2IjoiMSJ9.CeHgxM1VraXiDN-z5pWPqKSqLmYxk96-69NJWm34LkgfBqJBs9EDDhLLNQsPQ4nxPuPZAy9A2Ey0jnEqrHv4x2alROiiMc2booBvLhdpg1nAFsxvbvT-zEkIRvmJOYIrTMiXDtWfxHTrkxWFoQPk_92mDf5Fg2MTiCkf4Od8cbxEu1sKpWOsVnv6teyc7oqneA_cqmc7uK50jrlCrD0_P0lzxhO-PxiafrUig7FWygeHZIqTtfGYWBMADklysE6otjZUz9dLKoNlXrghuzhIySzgAnSTHMedE_pOORsZqFM.1Y57PntwZqE85VOsj049vsm1qTjfC8Wts-u_ywSQx1I&dib_tag=se&qid=1759817093&s=electronics&sr=1-31&xpid=ZsUd_BzzbA__g,B01N0Z1YKE,344,4.1,80.3K
"Jxrev USB C Headphones,Type C Wired Earbuds, in-Ear Headphones with Microphone Noise Canceling Stereo, Earphones Compatible with iPhone 15/Samsung S23/Android/iPad Pro and Most USB C Devices",https://www.amazon.eg/-/en/Jxrev-Headphones-Microphone-Canceling-Compatible/dp/B0DB1V1HNC/ref=sr_1_32?dib=eyJ2IjoiMSJ9.CeHgxM1VraXiDN-z5pWPqKSqLmYxk96-69NJWm34LkgfBqJBs9EDDhLLNQsPQ4nxPuPZAy9A2Ey0jnEqrHv4x2alROiiMc2booBvLhdpg1nAFsxvbvT-zEkIRvmJOYIrTMiXDtWfxHTrkxWFoQPk_92mDf5Fg2MTiCkf4Od8cbxEu1sKpWOsVnv6teyc7oqneA_cqmc7uK50jrlCrD0_P0lzxhO-PxiafrUig7FWygeHZIqTtfGYWBMADklysE6otjZUz9dLKoNlXrghuzhIySzgAnSTHMedE_pOORsZqFM.1Y57PntwZqE85VOsj049vsm1qTjfC8Wts-u_ywSQx1I&dib_tag=se&qid=1759817093&s=electronics&sr=1-32&xpid=ZsUd_BzzbA__g,B0DB1V1HNC,118,2.9,49
"ABKONCORE B58ABKONCORE B581 USB Gaming Headset with 7.1 Surround Sound, PC Headset with Noise Cancelling Microphone, LED Light Headphones for PC, Laptop",https://www.amazon.eg/-/en/ABKONCORE-B58ABKONCORE-B581-Cancelling-Microphone/dp/B07VQ6YNQZ/ref=sr_1_33?dib=eyJ2IjoiMSJ9.CeHgxM1VraXiDN-z5pWPqKSqLmYxk96-69NJWm34LkgfBqJBs9EDDhLLNQsPQ4nxPuPZAy9A2Ey0jnEqrHv4x2alROiiMc2booBvLhdpg1nAFsxvbvT-zEkIRvmJOYIrTMiXDtWfxHTrkxWFoQPk_92mDf5Fg2MTiCkf4Od8cbxEu1sKpWOsVnv6teyc7oqneA_cqmc7uK50jrlCrD0_P0lzxhO-PxiafrUig7FWygeHZIqTtfGYWBMADklysE6otjZUz9dLKoNlXrghuzhIySzgAnSTHMedE_pOORsZqFM.1Y57PntwZqE85VOsj049vsm1qTjfC8Wts-u_ywSQx1I&dib_tag=se&qid=1759817093&s=electronics&sr=1-33&xpid=ZsUd_BzzbA__g,B07VQ6YNQZ,550,4.1,1.4K
"soundcore Liberty 4 Pro by Anker, Noise Cancelling Wireless Earbuds, 7-Sensor and Real-Time Adaptive Noise Cancelling, 2× Faster Charging, Studio-Level Hi-Fi Music, Clear Calls with 6 Mics and AI",https://www.amazon.eg/-/en/soundcore-Cancelling-Wireless-Real-Time-Studio-Level/dp/B0DCBTWXLM/ref=sr_1_34?dib=eyJ2IjoiMSJ9.CeHgxM1VraXiDN-z5pWPqKSqLmYxk96-69NJWm34LkgfBqJBs9EDDhLLNQsPQ4nxPuPZAy9A2Ey0jnEqrHv4x2alROiiMc2booBvLhdpg1nAFsxvbvT-zEkIRvmJOYIrTMiXDtWfxHTrkxWFoQPk_92mDf5Fg2MTiCkf4Od8cbxEu1sKpWOsVnv6teyc7oqneA_cqmc7uK50jrlCrD0_P0lzxhO-PxiafrUig7FWygeHZIqTtfGYWBMADklysE6otjZUz9dLKoNlXrghuzhIySzgAnSTHMedE_pOORsZqFM.1Y57PntwZqE85VOsj049vsm1qTjfC8Wts-u_ywSQx1I&dib_tag=se&qid=1759817093&s=electronics&sr=1-34&xpid=ZsUd_BzzbA__g,B0DCBTWXLM,"4,300",4.3,2.4K
"Soundcore By Anker R50i True Wireless Earbuds 10mm Drivers with Big Bass, Bluetooth 5.3, 30H Playtime, IPX5-Water Resistant, AI Clear Calls with 2 Mics, 22 Preset EQs via App,Blue, 18 Months Warranty",https://www.amazon.eg/-/en/Soundcore-Wireless-Bluetooth-IPX5-Water-Resistant/dp/B0CPLYCC3N/ref=sr_1_35?dib=eyJ2IjoiMSJ9.CeHgxM1VraXiDN-z5pWPqKSqLmYxk96-69NJWm34LkgfBqJBs9EDDhLLNQsPQ4nxPuPZAy9A2Ey0jnEqrHv4x2alROiiMc2booBvLhdpg1nAFsxvbvT-zEkIRvmJOYIrTMiXDtWfxHTrkxWFoQPk_92mDf5Fg2MTiCkf4Od8cbxEu1sKpWOsVnv6teyc7oqneA_cqmc7uK50jrlCrD0_P0lzxhO-PxiafrUig7FWygeHZIqTtfGYWBMADklysE6otjZUz9dLKoNlXrghuzhIySzgAnSTHMedE_pOORsZqFM.1Y57PntwZqE85VOsj049vsm1qTjfC8Wts-u_ywSQx1I&dib_tag=se&qid=1759817093&s=electronics&sr=1-35&xpid=ZsUd_BzzbA__g,B0CPLYCC3N,844,4.2,223
"soundcore by Anker Q20i Hybrid Active Noise Cancelling Headphones, Wireless Over-Ear Bluetooth, 40H Long ANC Playtime, Hi-Res Audio, Big Bass, Customize via an App, Transparency Mode, Ideal for Travel",https://www.amazon.eg/-/en/soundcore-Cancelling-Headphones-Bluetooth-Transparency/dp/B0CCHTSFX1/ref=sr_1_36?dib=eyJ2IjoiMSJ9.CeHgxM1VraXiDN-z5pWPqKSqLmYxk96-69NJWm34LkgfBqJBs9EDDhLLNQsPQ4nxPuPZAy9A2Ey0jnEqrHv4x2alROiiMc2booBvLhdpg1nAFsxvbvT-zEkIRvmJOYIrTMiXDtWfxHTrkxWFoQPk_92mDf5Fg2MTiCkf4Od8cbxEu1sKpWOsVnv6teyc7oqneA_cqmc7uK50jrlCrD0_P0lzxhO-PxiafrUig7FWygeHZIqTtfGYWBMADklysE6otjZUz9dLKoNlXrghuzhIySzgAnSTHMedE_pOORsZqFM.1Y57PntwZqE85VOsj049vsm1qTjfC8Wts-u_ywSQx1I&dib_tag=se&qid=1759817093&s=electronics&sr=1-36&xpid=ZsUd_BzzbA__g,B0CCHTSFX1,,4.6,152
"Wireless Headphone Bluetooth V5.3 SD-1101 with Mic for Laptop/Mobile Phone/PC, Over Ear Stereo Music Earphone, Deep Bass,Soft-Earpads, Headset For Gaming, with SD Memory Card/FM/AUX/Type-C (Black)",https://www.amazon.eg/-/en/Wireless-Headphone-Bluetooth-Earphone-Soft-Earpads/dp/B0FP2XS5L3/ref=sr_1_37?dib=eyJ2IjoiMSJ9.CeHgxM1VraXiDN-z5pWPqKSqLmYxk96-69NJWm34LkgfBqJBs9EDDhLLNQsPQ4nxPuPZAy9A2Ey0jnEqrHv4x2alROiiMc2booBvLhdpg1nAFsxvbvT-zEkIRvmJOYIrTMiXDtWfxHTrkxWFoQPk_92mDf5Fg2MTiCkf4Od8cbxEu1sKpWOsVnv6teyc7oqneA_cqmc7uK50jrlCrD0_P0lzxhO-PxiafrUig7FWygeHZIqTtfGYWBMADklysE6otjZUz9dLKoNlXrghuzhIySzgAnSTHMedE_pOORsZqFM.1Y57PntwZqE85VOsj049vsm1qTjfC8Wts-u_ywSQx1I&dib_tag=se&qid=1759817093&s=electronics&sr=1-37&xpid=ZsUd_BzzbA__g,B0FP2XS5L3,449,4.8,6
"AirPods 4 Wireless Earbuds, Bluetooth Headphones, Personalized Spatial Audio, Sweat and Water Resistant, USB-C Charging Case, H2 Chip, Up to 30 Hours of Battery Life, Effortless Setup for iPhone",https://www.amazon.eg/-/en/Bluetooth-Headphones-Personalized-Resistant-Effortless/dp/B0F29D7V7V/ref=sr_1_38?dib=eyJ2IjoiMSJ9.CeHgxM1VraXiDN-z5pWPqKSqLmYxk96-69NJWm34LkgfBqJBs9EDDhLLNQsPQ4nxPuPZAy9A2Ey0jnEqrHv4x2alROiiMc2booBvLhdpg1nAFsxvbvT-zEkIRvmJOYIrTMiXDtWfxHTrkxWFoQPk_92mDf5Fg2MTiCkf4Od8cbxEu1sKpWOsVnv6teyc7oqneA_cqmc7uK50jrlCrD0_P0lzxhO-PxiafrUig7FWygeHZIqTtfGYWBMADklysE6otjZUz9dLKoNlXrghuzhIySzgAnSTHMedE_pOORsZqFM.1Y57PntwZqE85VOsj049vsm1qTjfC8Wts-u_ywSQx1I&dib_tag=se&qid=1759817093&s=electronics&sr=1-38&xpid=ZsUd_BzzbA__g,B0F29D7V7V,399,3.3,8
"JBL Tune 520BT Wireless On-Ear Headphones, Pure Bass Sound, 57H Battery with Speed Charge, Hands-Free Call + Voice Aware, Multi-Point Connection, Lightweight and Foldable - Blue, JBLT520BTBLUEU",https://www.amazon.eg/-/en/JBL-Headphones-Hands-Free-Multi-Point-Lightweight/dp/B0BYWK5TD6/ref=sr_1_39?dib=eyJ2IjoiMSJ9.CeHgxM1VraXiDN-z5pWPqKSqLmYxk96-69NJWm34LkgfBqJBs9EDDhLLNQsPQ4nxPuPZAy9A2Ey0jnEqrHv4x2alROiiMc2booBvLhdpg1nAFsxvbvT-zEkIRvmJOYIrTMiXDtWfxHTrkxWFoQPk_92mDf5Fg2MTiCkf4Od8cbxEu1sKpWOsVnv6teyc7oqneA_cqmc7uK50jrlCrD0_P0lzxhO-PxiafrUig7FWygeHZIqTtfGYWBMADklysE6otjZUz9dLKoNlXrghuzhIySzgAnSTHMedE_pOORsZqFM.1Y57PntwZqE85VOsj049vsm1qTjfC8Wts-u_ywSQx1I&dib_tag=se&qid=1759817093&s=electronics&sr=1-39&xpid=ZsUd_BzzbA__g,B0BYWK5TD6,"1,830",4.5,7.1K
"Soundcore R50I NC By Anker Noise Cancelling In Ear Earbuds,Powerful Bass,45H Playtime,2-In-1 Case And Phone Stand,Ip54,Fast Charge 10Min = 120 Min,Bluetooth 5.4 (Pink)- 18 Months Warranty",https://www.amazon.eg/-/en/Soundcore-Anker-Cancelling-Powerful-Bluetooth/dp/B0F99PS1S7/ref=sr_1_40?dib=eyJ2IjoiMSJ9.CeHgxM1VraXiDN-z5pWPqKSqLmYxk96-69NJWm34LkgfBqJBs9EDDhLLNQsPQ4nxPuPZAy9A2Ey0jnEqrHv4x2alROiiMc2booBvLhdpg1nAFsxvbvT-zEkIRvmJOYIrTMiXDtWfxHTrkxWFoQPk_92mDf5Fg2MTiCkf4Od8cbxEu1sKpWOsVnv6teyc7oqneA_cqmc7uK50jrlCrD0_P0lzxhO-PxiafrUig7FWygeHZIqTtfGYWBMADklysE6otjZUz9dLKoNlXrghuzhIySzgAnSTHMedE_pOORsZqFM.1Y57PntwZqE85VOsj049vsm1qTjfC8Wts-u_ywSQx1I&dib_tag=se&qid=1759817093&s=electronics&sr=1-40&xpid=ZsUd_BzzbA__g,B0F99PS1S7,"1,399",4.0,14
wireless headphone sodo sd-1004 - Black,https://www.amazon.eg/-/en/wireless-headphone-sodo-sd-1004-Black/dp/B091J7JWT4/ref=sr_1_41?dib=eyJ2IjoiMSJ9.CeHgxM1VraXiDN-z5pWPqKSqLmYxk96-69NJWm34LkgfBqJBs9EDDhLLNQsPQ4nxPuPZAy9A2Ey0jnEqrHv4x2alROiiMc2booBvLhdpg1nAFsxvbvT-zEkIRvmJOYIrTMiXDtWfxHTrkxWFoQPk_92mDf5Fg2MTiCkf4Od8cbxEu1sKpWOsVnv6teyc7oqneA_cqmc7uK50jrlCrD0_P0lzxhO-PxiafrUig7FWygeHZIqTtfGYWBMADklysE6otjZUz9dLKoNlXrghuzhIySzgAnSTHMedE_pOORsZqFM.1Y57PntwZqE85VOsj049vsm1qTjfC8Wts-u_ywSQx1I&dib_tag=se&qid=1759817093&s=electronics&sr=1-41&xpid=ZsUd_BzzbA__g,B091J7JWT4,,3.6,1K
"Oraimo SpaceBuds Hybrid (OTW-630), ANC True Wireless Earbuds, 4 Mic AI Noise Cancellation, 40-Hr Long Playtime, Type-C, Antibacterial Eartips, Waterproof: IPX4 – Space Grey (12 Month Warranty)",https://www.amazon.eg/-/en/Oraimo-SpaceBuds-Cancellation-Antibacterial-Waterproof/dp/B0DWLF6ZQC/ref=sr_1_42?dib=eyJ2IjoiMSJ9.CeHgxM1VraXiDN-z5pWPqKSqLmYxk96-69NJWm34LkgfBqJBs9EDDhLLNQsPQ4nxPuPZAy9A2Ey0jnEqrHv4x2alROiiMc2booBvLhdpg1nAFsxvbvT-zEkIRvmJOYIrTMiXDtWfxHTrkxWFoQPk_92mDf5Fg2MTiCkf4Od8cbxEu1sKpWOsVnv6teyc7oqneA_cqmc7uK50jrlCrD0_P0lzxhO-PxiafrUig7FWygeHZIqTtfGYWBMADklysE6otjZUz9dLKoNlXrghuzhIySzgAnSTHMedE_pOORsZqFM.1Y57PntwZqE85VOsj049vsm1qTjfC8Wts-u_ywSQx1I&dib_tag=se&qid=1759817093&s=electronics&sr=1-42&xpid=ZsUd_BzzbA__g,B0DWLF6ZQC,"2,099",3.6,23
"Samsung Galaxy Buds3 Pro, Silver, Wireless Bluetooth In-Ear Headphones, Adaptive Noise Control, Hi-Fi Sound, 360 Audio (Samsung Turkey Guaranteed)",https://www.amazon.eg/-/en/Wireless-Bluetooth-Headphones-Adaptive-Guaranteed/dp/B0D8V4J2Y2/ref=sr_1_43?dib=eyJ2IjoiMSJ9.CeHgxM1VraXiDN-z5pWPqKSqLmYxk96-69NJWm34LkgfBqJBs9EDDhLLNQsPQ4nxPuPZAy9A2Ey0jnEqrHv4x2alROiiMc2booBvLhdpg1nAFsxvbvT-zEkIRvmJOYIrTMiXDtWfxHTrkxWFoQPk_92mDf5Fg2MTiCkf4Od8cbxEu1sKpWOsVnv6teyc7oqneA_cqmc7uK50jrlCrD0_P0lzxhO-PxiafrUig7FWygeHZIqTtfGYWBMADklysE6otjZUz9dLKoNlXrghuzhIySzgAnSTHMedE_pOORsZqFM.1Y57PntwZqE85VOsj049vsm1qTjfC8Wts-u_ywSQx1I&dib_tag=se&qid=1759817093&s=electronics&sr=1-43&xpid=ZsUd_BzzbA__g,B0D8V4J2Y2,"5,950",4.4,355
"Samsung Galaxy Buds3, Silver, Wireless Bluetooth Earbuds with Adaptive EQ/ANC, Hi-Fi Sound, 360 Audio, 1 Year Local Warranty",https://www.amazon.eg/-/en/Samsung-Wireless-Bluetooth-Adaptive-Warranty/dp/B0D8LGZSXW/ref=sr_1_44?dib=eyJ2IjoiMSJ9.CeHgxM1VraXiDN-z5pWPqKSqLmYxk96-69NJWm34LkgfBqJBs9EDDhLLNQsPQ4nxPuPZAy9A2Ey0jnEqrHv4x2alROiiMc2booBvLhdpg1nAFsxvbvT-zEkIRvmJOYIrTMiXDtWfxHTrkxWFoQPk_92mDf5Fg2MTiCkf4Od8cbxEu1sKpWOsVnv6teyc7oqneA_cqmc7uK50jrlCrD0_P0lzxhO-PxiafrUig7FWygeHZIqTtfGYWBMADklysE6otjZUz9dLKoNlXrghuzhIySzgAnSTHMedE_pOORsZqFM.1Y57PntwZqE85VOsj049vsm1qTjfC8Wts-u_ywSQx1I&dib_tag=se&qid=1759817093&s=electronics&sr=1-44&xpid=ZsUd_BzzbA__g,B0D8LGZSXW,"3,742",3.8,175
Earbuds with Bluetooth Headset,https://www.amazon.eg/-/en/Generic-RM-Earbuds-Bluetooth-Headset/dp/B0CPW22HTD/ref=sr_1_45?dib=eyJ2IjoiMSJ9.CeHgxM1VraXiDN-z5pWPqKSqLmYxk96-69NJWm34LkgfBqJBs9EDDhLLNQsPQ4nxPuPZAy9A2Ey0jnEqrHv4x2alROiiMc2booBvLhdpg1nAFsxvbvT-zEkIRvmJOYIrTMiXDtWfxHTrkxWFoQPk_92mDf5Fg2MTiCkf4Od8cbxEu1sKpWOsVnv6teyc7oqneA_cqmc7uK50jrlCrD0_P0lzxhO-PxiafrUig7FWygeHZIqTtfGYWBMADklysE6otjZUz9dLKoNlXrghuzhIySzgAnSTHMedE_pOORsZqFM.1Y57PntwZqE85VOsj049vsm1qTjfC8Wts-u_ywSQx1I&dib_tag=se&qid=1759817093&s=electronics&sr=1-45&xpid=ZsUd_BzzbA__g,B0CPW22HTD,330,2.5,55
"Soundcore Liberty 5 by Anker, Noise-Cancelling Wireless Earbuds, 2x Stronger Voice Reduction, Adaptive Noise Cancellation, Fast Charging, Dolby Audio, 6-Mic AI Clear Calls,18 Months Warranty, Black",https://www.amazon.eg/-/en/Soundcore-Noise-Cancelling-Wireless-Reduction-Cancellation/dp/B0DT4F2NM9/ref=sr_1_46?dib=eyJ2IjoiMSJ9.CeHgxM1VraXiDN-z5pWPqKSqLmYxk96-69NJWm34LkgfBqJBs9EDDhLLNQsPQ4nxPuPZAy9A2Ey0jnEqrHv4x2alROiiMc2booBvLhdpg1nAFsxvbvT-zEkIRvmJOYIrTMiXDtWfxHTrkxWFoQPk_92mDf5Fg2MTiCkf4Od8cbxEu1sKpWOsVnv6teyc7oqneA_cqmc7uK50jrlCrD0_P0lzxhO-PxiafrUig7FWygeHZIqTtfGYWBMADklysE6otjZUz9dLKoNlXrghuzhIySzgAnSTHMedE_pOORsZqFM.1Y57PntwZqE85VOsj049vsm1qTjfC8Wts-u_ywSQx1I&dib_tag=se&qid=1759817093&s=electronics&sr=1-46&xpid=ZsUd_BzzbA__g,B0DT4F2NM9,"3,565",4.3,351
P9 Wireless Bluetooth Video Game Headset lets you control the volume accurately and navigate between songs and answer phone calls,https://www.amazon.eg/-/en/Wireless-Bluetooth-Headset-accurately-navigate/dp/B09SZGPJQS/ref=sr_1_47?dib=eyJ2IjoiMSJ9.CeHgxM1VraXiDN-z5pWPqKSqLmYxk96-69NJWm34LkgfBqJBs9EDDhLLNQsPQ4nxPuPZAy9A2Ey0jnEqrHv4x2alROiiMc2booBvLhdpg1nAFsxvbvT-zEkIRvmJOYIrTMiXDtWfxHTrkxWFoQPk_92mDf5Fg2MTiCkf4Od8cbxEu1sKpWOsVnv6teyc7oqneA_cqmc7uK50jrlCrD0_P0lzxhO-PxiafrUig7FWygeHZIqTtfGYWBMADklysE6otjZUz9dLKoNlXrghuzhIySzgAnSTHMedE_pOORsZqFM.1Y57PntwZqE85VOsj049vsm1qTjfC8Wts-u_ywSQx1I&dib_tag=se&qid=1759817093&s=electronics&sr=1-47&xpid=ZsUd_BzzbA__g,B09SZGPJQS,300,2.7,86
"Anker Soundcore R50i White True Wireless (TWS) Earbuds 10mm Drivers with Big Bass, Bluetooth 5.3, 30H Playtime, IPX5-Water Resistant, AI Clear Calls with 2 Mics, 22 Preset EQs via App",https://www.amazon.eg/-/en/Anker-Soundcore-Bluetooth-IPX5-Water-Resistant/dp/B0C9XT6D3X/ref=sr_1_48?dib=eyJ2IjoiMSJ9.CeHgxM1VraXiDN-z5pWPqKSqLmYxk96-69NJWm34LkgfBqJBs9EDDhLLNQsPQ4nxPuPZAy9A2Ey0jnEqrHv4x2alROiiMc2booBvLhdpg1nAFsxvbvT-zEkIRvmJOYIrTMiXDtWfxHTrkxWFoQPk_92mDf5Fg2MTiCkf4Od8cbxEu1sKpWOsVnv6teyc7oqneA_cqmc7uK50jrlCrD0_P0lzxhO-PxiafrUig7FWygeHZIqTtfGYWBMADklysE6otjZUz9dLKoNlXrghuzhIySzgAnSTHMedE_pOORsZqFM.1Y57PntwZqE85VOsj049vsm1qTjfC8Wts-u_ywSQx1I&dib_tag=se&qid=1759817093&s=electronics&sr=1-48&xpid=ZsUd_BzzbA__g,B0C9XT6D3X,878,3.9,578
"HyperX Cloud III – Wired Gaming Headset, PC, PS5, Xbox Series X|S, Angled 53mm Drivers, DTS, Memory Foam, Durable Frame, Ultra-Clear 10mm Mic, USB-C, USB-A, 3.5mm – Black/Red Headphones Headset",https://www.amazon.eg/-/en/HyperX-Cloud-III-Ultra-Clear-USB/dp/B0C3BV19Q3/ref=sr_1_49?dib=eyJ2IjoiMSJ9.lnBwE43Rt5gEZif2-MaUA89MQ5bN6McFQ7XCisJwXHk7zHictqVSgS5c6Y1LSMYsC7SxcwYpZf39wFxr92lP9QsQGhvGQm_pTjyhNJVCqo0Tvu3LRkKJLdjEvKKowrhGYj7N8VQrvQZZST5VNeDy72uzL4IeTosm-eaSfm_W4RX27H3-amOh8CMu9OJKZhhfXtqrlaga2XwnlD5H6QDdG8a42sueUBct0rGA8OViCEKzdTHGLSVi3iN88cNqdtU60dO0Tel9GubjfB8q2ODIcttB9yOtfi6Y24Wy7QKZo4E.5CF82cyYwaOke67XdKgVKsjKYjzo7L-Nkfm7vyWZA5Y&dib_tag=se&qid=1759817106&s=electronics&sr=1-49&xpid=ZsUd_BzzbA__g,B0C3BV19Q3,"5,056",4.3,19.9K
"soundcore Q11i Wireless Over-Ear Bluetooth Headphones by Anker, Deep Bass, 60H Playtime, Hi-Res Audio, Detachable Ear Cushions, Multipoint Connection",https://www.amazon.eg/-/en/soundcore-Headphones-Detachable-Multipoint-Connection/dp/B0DJW667F4/ref=sr_1_50?dib=eyJ2IjoiMSJ9.lnBwE43Rt5gEZif2-MaUA89MQ5bN6McFQ7XCisJwXHk7zHictqVSgS5c6Y1LSMYsC7SxcwYpZf39wFxr92lP9QsQGhvGQm_pTjyhNJVCqo0Tvu3LRkKJLdjEvKKowrhGYj7N8VQrvQZZST5VNeDy72uzL4IeTosm-eaSfm_W4RX27H3-amOh8CMu9OJKZhhfXtqrlaga2XwnlD5H6QDdG8a42sueUBct0rGA8OViCEKzdTHGLSVi3iN88cNqdtU60dO0Tel9GubjfB8q2ODIcttB9yOtfi6Y24Wy7QKZo4E.5CF82cyYwaOke67XdKgVKsjKYjzo7L-Nkfm7vyWZA5Y&dib_tag=se&qid=1759817106&s=electronics&sr=1-50&xpid=ZsUd_BzzbA__g,B0DJW667F4,"1,720",4.6,225
"HUAWEI FreeBuds Pro 4, Wireless Earbuds, Real Sound with Dual Driver, Stable and Clear Calls, Dynamic Smart ANC, Compatible with iOS & Android, Noise Cancelling, Obsidian Black",https://www.amazon.eg/-/en/HUAWEI-FreeBuds-Wireless-Compatible-Cancelling/dp/B0DN8S2WYQ/ref=sr_1_51?dib=eyJ2IjoiMSJ9.lnBwE43Rt5gEZif2-MaUA89MQ5bN6McFQ7XCisJwXHk7zHictqVSgS5c6Y1LSMYsC7SxcwYpZf39wFxr92lP9QsQGhvGQm_pTjyhNJVCqo0Tvu3LRkKJLdjEvKKowrhGYj7N8VQrvQZZST5VNeDy72uzL4IeTosm-eaSfm_W4RX27H3-amOh8CMu9OJKZhhfXtqrlaga2XwnlD5H6QDdG8a42sueUBct0rGA8OViCEKzdTHGLSVi3iN88cNqdtU60dO0Tel9GubjfB8q2ODIcttB9yOtfi6Y24Wy7QKZo4E.5CF82cyYwaOke67XdKgVKsjKYjzo7L-Nkfm7vyWZA5Y&dib_tag=se&qid=1759817106&s=electronics&sr=1-51&xpid=ZsUd_BzzbA__g,B0DN8S2WYQ,"6,799",4.5,298
"P9 Wireless Bluetooth Headset Over Ear Stereo Gaming Headset - Support Mercoro TF for Laptop/Mobile Phone/PC + Case, Support Memory Card-Black",https://www.amazon.eg/-/en/Wireless-Bluetooth-Headset-Stereo-Gaming/dp/B0F6KPDTQ7/ref=sr_1_52?dib=eyJ2IjoiMSJ9.lnBwE43Rt5gEZif2-MaUA89MQ5bN6McFQ7XCisJwXHk7zHictqVSgS5c6Y1LSMYsC7SxcwYpZf39wFxr92lP9QsQGhvGQm_pTjyhNJVCqo0Tvu3LRkKJLdjEvKKowrhGYj7N8VQrvQZZST5VNeDy72uzL4IeTosm-eaSfm_W4RX27H3-amOh8CMu9OJKZhhfXtqrlaga2XwnlD5H6QDdG8a42sueUBct0rGA8OViCEKzdTHGLSVi3iN88cNqdtU60dO0Tel9GubjfB8q2ODIcttB9yOtfi6Y24Wy7QKZo4E.5CF82cyYwaOke67XdKgVKsjKYjzo7L-Nkfm7vyWZA5Y&dib_tag=se&qid=1759817106&s=electronics&sr=1-52&xpid=ZsUd_BzzbA__g,B0F6KPDTQ7,229,2.2,16
"Anker Soundcore R50i Black True Wireless (TWS) Earbuds 10mm Drivers with Big Bass, Bluetooth 5.3, 30H Playtime, IPX5-Water Resistant, AI Clear Calls with 2 Mics, Black, 18 Months",https://www.amazon.eg/-/en/Soundcore-Wireless-Bluetooth-IPX5-Water-Resistant/dp/B0DQ8TZLBY/ref=sr_1_53?dib=eyJ2IjoiMSJ9.lnBwE43Rt5gEZif2-MaUA89MQ5bN6McFQ7XCisJwXHk7zHictqVSgS5c6Y1LSMYsC7SxcwYpZf39wFxr92lP9QsQGhvGQm_pTjyhNJVCqo0Tvu3LRkKJLdjEvKKowrhGYj7N8VQrvQZZST5VNeDy72uzL4IeTosm-eaSfm_W4RX27H3-amOh8CMu9OJKZhhfXtqrlaga2XwnlD5H6QDdG8a42sueUBct0rGA8OViCEKzdTHGLSVi3iN88cNqdtU60dO0Tel9GubjfB8q2ODIcttB9yOtfi6Y24Wy7QKZo4E.5CF82cyYwaOke67XdKgVKsjKYjzo7L-Nkfm7vyWZA5Y&dib_tag=se&qid=1759817106&s=electronics&sr=1-53&xpid=ZsUd_BzzbA__g,B0DQ8TZLBY,850,4.2,30
"Original American Pro 2 Bluetooth Headphones | Pure Stereo Sound and Premium Mic, Use with All ANWANG, Android and iPhone, in Ear White",https://www.amazon.eg/-/en/Original-American-Bluetooth-Headphones-Premium/dp/B0CRF7K7QJ/ref=sr_1_54?dib=eyJ2IjoiMSJ9.lnBwE43Rt5gEZif2-MaUA89MQ5bN6McFQ7XCisJwXHk7zHictqVSgS5c6Y1LSMYsC7SxcwYpZf39wFxr92lP9QsQGhvGQm_pTjyhNJVCqo0Tvu3LRkKJLdjEvKKowrhGYj7N8VQrvQZZST5VNeDy72uzL4IeTosm-eaSfm_W4RX27H3-amOh8CMu9OJKZhhfXtqrlaga2XwnlD5H6QDdG8a42sueUBct0rGA8OViCEKzdTHGLSVi3iN88cNqdtU60dO0Tel9GubjfB8q2ODIcttB9yOtfi6Y24Wy7QKZo4E.5CF82cyYwaOke67XdKgVKsjKYjzo7L-Nkfm7vyWZA5Y&dib_tag=se&qid=1759817106&s=electronics&sr=1-54&xpid=ZsUd_BzzbA__g,B0CRF7K7QJ,364,3.2,39
"XFTOPSE M10 Wireless Bluetooth 5.1 Headphones, IPX7 Waterproof TWS Stereo Earphones with Wireless Charging Case, Built-in Microphone, Black",https://www.amazon.eg/-/en/M10-Bluetooth-Headphones-Waterproof-Microphone/dp/B08XBWMCZW/ref=sr_1_55?dib=eyJ2IjoiMSJ9.lnBwE43Rt5gEZif2-MaUA89MQ5bN6McFQ7XCisJwXHk7zHictqVSgS5c6Y1LSMYsC7SxcwYpZf39wFxr92lP9QsQGhvGQm_pTjyhNJVCqo0Tvu3LRkKJLdjEvKKowrhGYj7N8VQrvQZZST5VNeDy72uzL4IeTosm-eaSfm_W4RX27H3-amOh8CMu9OJKZhhfXtqrlaga2XwnlD5H6QDdG8a42sueUBct0rGA8OViCEKzdTHGLSVi3iN88cNqdtU60dO0Tel9GubjfB8q2ODIcttB9yOtfi6Y24Wy7QKZo4E.5CF82cyYwaOke67XdKgVKsjKYjzo7L-Nkfm7vyWZA5Y&dib_tag=se&qid=1759817106&s=electronics&sr=1-55&xpid=ZsUd_BzzbA__g,B08XBWMCZW,139,2.6,423
"Xiaomi Buds 3 Wireless Earbuds: Active Noise Cancelling up to 40dB, 3 ANC Modes, Dual Transparency | Dual-Device Connectivity, Wireless | IP55 Water Resistant | White |6 month manufacturer warranty",https://www.amazon.eg/-/en/Xiaomi-Buds-Wireless-Earbuds-Transparency/dp/B09S37RB69/ref=sr_1_56?dib=eyJ2IjoiMSJ9.lnBwE43Rt5gEZif2-MaUA89MQ5bN6McFQ7XCisJwXHk7zHictqVSgS5c6Y1LSMYsC7SxcwYpZf39wFxr92lP9QsQGhvGQm_pTjyhNJVCqo0Tvu3LRkKJLdjEvKKowrhGYj7N8VQrvQZZST5VNeDy72uzL4IeTosm-eaSfm_W4RX27H3-amOh8CMu9OJKZhhfXtqrlaga2XwnlD5H6QDdG8a42sueUBct0rGA8OViCEKzdTHGLSVi3iN88cNqdtU60dO0Tel9GubjfB8q2ODIcttB9yOtfi6Y24Wy7QKZo4E.5CF82cyYwaOke67XdKgVKsjKYjzo7L-Nkfm7vyWZA5Y&dib_tag=se&qid=1759817106&s=electronics&sr=1-56&xpid=ZsUd_BzzbA__g,B09S37RB69,"1,418",3.8,14.4K
"Soundcore by Anker Life P2i TWS, AI-Enhanced Calls, 2 EQ Modes, 28H Playtime with Fast Charging, Bluetooth 5.2, Easy-Pairing, Button Control, White,18 Months warranty",https://www.amazon.eg/-/en/Soundcore-AI-Enhanced-Playtime-Bluetooth-Easy-Pairing/dp/B0BCQGJMDV/ref=sr_1_57?dib=eyJ2IjoiMSJ9.lnBwE43Rt5gEZif2-MaUA89MQ5bN6McFQ7XCisJwXHk7zHictqVSgS5c6Y1LSMYsC7SxcwYpZf39wFxr92lP9QsQGhvGQm_pTjyhNJVCqo0Tvu3LRkKJLdjEvKKowrhGYj7N8VQrvQZZST5VNeDy72uzL4IeTosm-eaSfm_W4RX27H3-amOh8CMu9OJKZhhfXtqrlaga2XwnlD5H6QDdG8a42sueUBct0rGA8OViCEKzdTHGLSVi3iN88cNqdtU60dO0Tel9GubjfB8q2ODIcttB9yOtfi6Y24Wy7QKZo4E.5CF82cyYwaOke67XdKgVKsjKYjzo7L-Nkfm7vyWZA5Y&dib_tag=se&qid=1759817106&s=electronics&sr=1-57&xpid=ZsUd_BzzbA__g,B0BCQGJMDV,"1,109",4.1,606
"soundcore K20i by Anker, Semi-in-Ear Earbuds, Bluetooth Wireless, 36H Playtime, Fast Charge, Clear Sound, Comfortable Fit, ENC 2-Mic Clear Calls, Custom EQ, IPX5, Bluetooth 5.3, App Control",https://www.amazon.eg/-/en/soundcore-Bluetooth-Wireless-Playtime-Comfortable/dp/B0D22T456V/ref=sr_1_58?dib=eyJ2IjoiMSJ9.lnBwE43Rt5gEZif2-MaUA89MQ5bN6McFQ7XCisJwXHk7zHictqVSgS5c6Y1LSMYsC7SxcwYpZf39wFxr92lP9QsQGhvGQm_pTjyhNJVCqo0Tvu3LRkKJLdjEvKKowrhGYj7N8VQrvQZZST5VNeDy72uzL4IeTosm-eaSfm_W4RX27H3-amOh8CMu9OJKZhhfXtqrlaga2XwnlD5H6QDdG8a42sueUBct0rGA8OViCEKzdTHGLSVi3iN88cNqdtU60dO0Tel9GubjfB8q2ODIcttB9yOtfi6Y24Wy7QKZo4E.5CF82cyYwaOke67XdKgVKsjKYjzo7L-Nkfm7vyWZA5Y&dib_tag=se&qid=1759817106&s=electronics&sr=1-58&xpid=ZsUd_BzzbA__g,B0D22T456V,770,3.7,1.7K
"Samsung Galaxy Buds FE, Wireless, with Charging Case, ANC and Sound Customization, White, SM-R400NZWAMEA-1 Year Local Warranty",https://www.amazon.eg/-/en/Samsung-Wireless-Charging-Customization-SM-R400NZWAMEA-1/dp/B0CK1GVMY5/ref=sr_1_59?dib=eyJ2IjoiMSJ9.lnBwE43Rt5gEZif2-MaUA89MQ5bN6McFQ7XCisJwXHk7zHictqVSgS5c6Y1LSMYsC7SxcwYpZf39wFxr92lP9QsQGhvGQm_pTjyhNJVCqo0Tvu3LRkKJLdjEvKKowrhGYj7N8VQrvQZZST5VNeDy72uzL4IeTosm-eaSfm_W4RX27H3-amOh8CMu9OJKZhhfXtqrlaga2XwnlD5H6QDdG8a42sueUBct0rGA8OViCEKzdTHGLSVi3iN88cNqdtU60dO0Tel9GubjfB8q2ODIcttB9yOtfi6Y24Wy7QKZo4E.5CF82cyYwaOke67XdKgVKsjKYjzo7L-Nkfm7vyWZA5Y&dib_tag=se&qid=1759817106&s=electronics&sr=1-59&xpid=ZsUd_BzzbA__g,B0CK1GVMY5,"2,399",4.3,772
"Wireless Bluetooth Headphone - Over Ear Stereo Music Headset with Memory Card Support, Gaming Headphones with Built-in Microphone for Laptop, Mobile Phone, PC-47 (Black)",https://www.amazon.eg/-/en/Wireless-Bluetooth-Headphone-Headphones-Built/dp/B0DHXZZSYR/ref=sr_1_60?dib=eyJ2IjoiMSJ9.lnBwE43Rt5gEZif2-MaUA89MQ5bN6McFQ7XCisJwXHk7zHictqVSgS5c6Y1LSMYsC7SxcwYpZf39wFxr92lP9QsQGhvGQm_pTjyhNJVCqo0Tvu3LRkKJLdjEvKKowrhGYj7N8VQrvQZZST5VNeDy72uzL4IeTosm-eaSfm_W4RX27H3-amOh8CMu9OJKZhhfXtqrlaga2XwnlD5H6QDdG8a42sueUBct0rGA8OViCEKzdTHGLSVi3iN88cNqdtU60dO0Tel9GubjfB8q2ODIcttB9yOtfi6Y24Wy7QKZo4E.5CF82cyYwaOke67XdKgVKsjKYjzo7L-Nkfm7vyWZA5Y&dib_tag=se&qid=1759817106&s=electronics&sr=1-60&xpid=ZsUd_BzzbA__g,B0DHXZZSYR,199,3.4,95
"OPPO Enco Buds2 - Wireless Headphones, Fast Charging, Sweatproof, Large Capacity Battery, White Headset Wireless Earbuds",https://www.amazon.eg/-/en/OPPO-Enco-Buds2-Headphones-Sweatproof/dp/B0BC94PPVM/ref=sr_1_61?dib=eyJ2IjoiMSJ9.lnBwE43Rt5gEZif2-MaUA89MQ5bN6McFQ7XCisJwXHk7zHictqVSgS5c6Y1LSMYsC7SxcwYpZf39wFxr92lP9QsQGhvGQm_pTjyhNJVCqo0Tvu3LRkKJLdjEvKKowrhGYj7N8VQrvQZZST5VNeDy72uzL4IeTosm-eaSfm_W4RX27H3-amOh8CMu9OJKZhhfXtqrlaga2XwnlD5H6QDdG8a42sueUBct0rGA8OViCEKzdTHGLSVi3iN88cNqdtU60dO0Tel9GubjfB8q2ODIcttB9yOtfi6Y24Wy7QKZo4E.5CF82cyYwaOke67XdKgVKsjKYjzo7L-Nkfm7vyWZA5Y&dib_tag=se&qid=1759817106&s=electronics&sr=1-61&xpid=ZsUd_BzzbA__g,B0BC94PPVM,949,4.1,284
"soundcore by Anker Space Q45 Bluetooth Headphones, Adaptive Active Noise Cancelling up to 98%, 50 Hours Playback, App Control, LDAC Hi-Res Wireless Audio, Lightweight Design, Crystal Clear Calls",https://www.amazon.eg/-/en/soundcore-Bluetooth-Headphones-Cancelling-Lightweight/dp/B0B5VHRX7F/ref=sr_1_62?dib=eyJ2IjoiMSJ9.lnBwE43Rt5gEZif2-MaUA89MQ5bN6McFQ7XCisJwXHk7zHictqVSgS5c6Y1LSMYsC7SxcwYpZf39wFxr92lP9QsQGhvGQm_pTjyhNJVCqo0Tvu3LRkKJLdjEvKKowrhGYj7N8VQrvQZZST5VNeDy72uzL4IeTosm-eaSfm_W4RX27H3-amOh8CMu9OJKZhhfXtqrlaga2XwnlD5H6QDdG8a42sueUBct0rGA8OViCEKzdTHGLSVi3iN88cNqdtU60dO0Tel9GubjfB8q2ODIcttB9yOtfi6Y24Wy7QKZo4E.5CF82cyYwaOke67XdKgVKsjKYjzo7L-Nkfm7vyWZA5Y&dib_tag=se&qid=1759817106&s=electronics&sr=1-62&xpid=ZsUd_BzzbA__g,B0B5VHRX7F,"4,594",4.3,12.6K
Joyroom JR-T03S 2nd Generation Jerry version Normal Quality TWS Bluetooth Headset Support Wireless charge pop-up and noise reduction - White,https://www.amazon.eg/-/en/Joyroom-JR-T03S-Generation-Bluetooth-reduction/dp/B0CH8H9DY5/ref=sr_1_63?dib=eyJ2IjoiMSJ9.lnBwE43Rt5gEZif2-MaUA89MQ5bN6McFQ7XCisJwXHk7zHictqVSgS5c6Y1LSMYsC7SxcwYpZf39wFxr92lP9QsQGhvGQm_pTjyhNJVCqo0Tvu3LRkKJLdjEvKKowrhGYj7N8VQrvQZZST5VNeDy72uzL4IeTosm-eaSfm_W4RX27H3-amOh8CMu9OJKZhhfXtqrlaga2XwnlD5H6QDdG8a42sueUBct0rGA8OViCEKzdTHGLSVi3iN88cNqdtU60dO0Tel9GubjfB8q2ODIcttB9yOtfi6Y24Wy7QKZo4E.5CF82cyYwaOke67XdKgVKsjKYjzo7L-Nkfm7vyWZA5Y&dib_tag=se&qid=1759817106&s=electronics&sr=1-63&xpid=ZsUd_BzzbA__g,B0CH8H9DY5,599,3.8,148
"SoundCore V40i by Anker, Open-Ear Headphones, Crystal Clear Design, Lidless Case, 4 Adjustable Positions for Every Ear Size, Richer Bass, IP55, 21H Playtime, AI Clear Calls, Bluetooth 5.4 App, Black",https://www.amazon.eg/-/en/dp/B0FQ61RK3P/ref=sr_1_64?dib=eyJ2IjoiMSJ9.lnBwE43Rt5gEZif2-MaUA89MQ5bN6McFQ7XCisJwXHk7zHictqVSgS5c6Y1LSMYsC7SxcwYpZf39wFxr92lP9QsQGhvGQm_pTjyhNJVCqo0Tvu3LRkKJLdjEvKKowrhGYj7N8VQrvQZZST5VNeDy72uzL4IeTosm-eaSfm_W4RX27H3-amOh8CMu9OJKZhhfXtqrlaga2XwnlD5H6QDdG8a42sueUBct0rGA8OViCEKzdTHGLSVi3iN88cNqdtU60dO0Tel9GubjfB8q2ODIcttB9yOtfi6Y24Wy7QKZo4E.5CF82cyYwaOke67XdKgVKsjKYjzo7L-Nkfm7vyWZA5Y&dib_tag=se&qid=1759817106&s=electronics&sr=1-64&xpid=ZsUd_BzzbA__g,B0FQ61RK3P,"3,333",No Rating,0
"TECHZONE Wireless Bluetooth Earbuds with LED Power Display, HiFi Stereo, Noise Reduction Mic, Touch Controls, Fast Charging Case, Lightweight In-Ear Headphones for Music & Calls (Pink)",https://www.amazon.eg/-/en/dp/B0FS1LMZQT/ref=sr_1_65?dib=eyJ2IjoiMSJ9.lnBwE43Rt5gEZif2-MaUA89MQ5bN6McFQ7XCisJwXHk7zHictqVSgS5c6Y1LSMYsC7SxcwYpZf39wFxr92lP9QsQGhvGQm_pTjyhNJVCqo0Tvu3LRkKJLdjEvKKowrhGYj7N8VQrvQZZST5VNeDy72uzL4IeTosm-eaSfm_W4RX27H3-amOh8CMu9OJKZhhfXtqrlaga2XwnlD5H6QDdG8a42sueUBct0rGA8OViCEKzdTHGLSVi3iN88cNqdtU60dO0Tel9GubjfB8q2ODIcttB9yOtfi6Y24Wy7QKZo4E.5CF82cyYwaOke67XdKgVKsjKYjzo7L-Nkfm7vyWZA5Y&dib_tag=se&qid=1759817106&s=electronics&sr=1-65&xpid=ZsUd_BzzbA__g,B0FS1LMZQT,229,3.0,2
"Soundcore by Anker, Space One, Active Noise Cancelling Headphones, 2X Stronger Voice Reduction, 40H ANC Playtime, App Control, LDAC Hi-Res Wireless Audio, Comfortable Fit, Clear Calls, Bluetooth 5.3",https://www.amazon.eg/-/en/Soundcore-Cancelling-Headphones-Reduction-Comfortable/dp/B0C6MK4LXR/ref=sr_1_66?dib=eyJ2IjoiMSJ9.lnBwE43Rt5gEZif2-MaUA89MQ5bN6McFQ7XCisJwXHk7zHictqVSgS5c6Y1LSMYsC7SxcwYpZf39wFxr92lP9QsQGhvGQm_pTjyhNJVCqo0Tvu3LRkKJLdjEvKKowrhGYj7N8VQrvQZZST5VNeDy72uzL4IeTosm-eaSfm_W4RX27H3-amOh8CMu9OJKZhhfXtqrlaga2XwnlD5H6QDdG8a42sueUBct0rGA8OViCEKzdTHGLSVi3iN88cNqdtU60dO0Tel9GubjfB8q2ODIcttB9yOtfi6Y24Wy7QKZo4E.5CF82cyYwaOke67XdKgVKsjKYjzo7L-Nkfm7vyWZA5Y&dib_tag=se&qid=1759817106&s=electronics&sr=1-66&xpid=ZsUd_BzzbA__g,B0C6MK4LXR,"3,877",4.5,1.2K
Logitech H390 USB Headset - Black,https://www.amazon.eg/-/en/Logitech-H390-USB-Headset-Black/dp/B005BFCNYU/ref=sr_1_67?dib=eyJ2IjoiMSJ9.lnBwE43Rt5gEZif2-MaUA89MQ5bN6McFQ7XCisJwXHk7zHictqVSgS5c6Y1LSMYsC7SxcwYpZf39wFxr92lP9QsQGhvGQm_pTjyhNJVCqo0Tvu3LRkKJLdjEvKKowrhGYj7N8VQrvQZZST5VNeDy72uzL4IeTosm-eaSfm_W4RX27H3-amOh8CMu9OJKZhhfXtqrlaga2XwnlD5H6QDdG8a42sueUBct0rGA8OViCEKzdTHGLSVi3iN88cNqdtU60dO0Tel9GubjfB8q2ODIcttB9yOtfi6Y24Wy7QKZo4E.5CF82cyYwaOke67XdKgVKsjKYjzo7L-Nkfm7vyWZA5Y&dib_tag=se&qid=1759817106&s=electronics&sr=1-67&xpid=ZsUd_BzzbA__g,B005BFCNYU,"1,550",4.4,6.6K
"P9 Wireless Bluetooth Headset, Pure Stereo Audio Support Memory Card (Black)",https://www.amazon.eg/-/en/Wireless-Bluetooth-Headset-Stereo-Support/dp/B0C4Q4HFSJ/ref=sr_1_68?dib=eyJ2IjoiMSJ9.lnBwE43Rt5gEZif2-MaUA89MQ5bN6McFQ7XCisJwXHk7zHictqVSgS5c6Y1LSMYsC7SxcwYpZf39wFxr92lP9QsQGhvGQm_pTjyhNJVCqo0Tvu3LRkKJLdjEvKKowrhGYj7N8VQrvQZZST5VNeDy72uzL4IeTosm-eaSfm_W4RX27H3-amOh8CMu9OJKZhhfXtqrlaga2XwnlD5H6QDdG8a42sueUBct0rGA8OViCEKzdTHGLSVi3iN88cNqdtU60dO0Tel9GubjfB8q2ODIcttB9yOtfi6Y24Wy7QKZo4E.5CF82cyYwaOke67XdKgVKsjKYjzo7L-Nkfm7vyWZA5Y&dib_tag=se&qid=1759817106&s=electronics&sr=1-68&xpid=ZsUd_BzzbA__g,B0C4Q4HFSJ,259,2.4,184
"Generic Headphones Air Buds Wireless Bluetooth Pods Headset Semi original bods with Wireless Charging Case, Noise Cancelling, Compatible with IOS, Android, White, in Ear",https://www.amazon.eg/-/en/Generic-Headphones-Bluetooth-Cancelling-Compatible/dp/B0DX21NYCR/ref=sr_1_69?dib=eyJ2IjoiMSJ9.lnBwE43Rt5gEZif2-MaUA89MQ5bN6McFQ7XCisJwXHk7zHictqVSgS5c6Y1LSMYsC7SxcwYpZf39wFxr92lP9QsQGhvGQm_pTjyhNJVCqo0Tvu3LRkKJLdjEvKKowrhGYj7N8VQrvQZZST5VNeDy72uzL4IeTosm-eaSfm_W4RX27H3-amOh8CMu9OJKZhhfXtqrlaga2XwnlD5H6QDdG8a42sueUBct0rGA8OViCEKzdTHGLSVi3iN88cNqdtU60dO0Tel9GubjfB8q2ODIcttB9yOtfi6Y24Wy7QKZo4E.5CF82cyYwaOke67XdKgVKsjKYjzo7L-Nkfm7vyWZA5Y&dib_tag=se&qid=1759817106&s=electronics&sr=1-69&xpid=ZsUd_BzzbA__g,B0DX21NYCR,300,3.0,23
ACEFAST T8 Wireless Bluetooth 5.3 Headphones LED Power Display Mini Crystal in-Ear Earbuds with Wireless Charging Case Touch Control Built-in Mic Headphone for Sports Waterproof Earphone - White,https://www.amazon.eg/-/en/ACEFAST-T8-Bluetooth-Headphones-Waterproof/dp/B0BRQ2GXW7/ref=sr_1_70?dib=eyJ2IjoiMSJ9.lnBwE43Rt5gEZif2-MaUA89MQ5bN6McFQ7XCisJwXHk7zHictqVSgS5c6Y1LSMYsC7SxcwYpZf39wFxr92lP9QsQGhvGQm_pTjyhNJVCqo0Tvu3LRkKJLdjEvKKowrhGYj7N8VQrvQZZST5VNeDy72uzL4IeTosm-eaSfm_W4RX27H3-amOh8CMu9OJKZhhfXtqrlaga2XwnlD5H6QDdG8a42sueUBct0rGA8OViCEKzdTHGLSVi3iN88cNqdtU60dO0Tel9GubjfB8q2ODIcttB9yOtfi6Y24Wy7QKZo4E.5CF82cyYwaOke67XdKgVKsjKYjzo7L-Nkfm7vyWZA5Y&dib_tag=se&qid=1759817106&s=electronics&sr=1-70&xpid=ZsUd_BzzbA__g,B0BRQ2GXW7,"1,467",4.3,444
"JBL Headphone, Bluetooth Headphone, Tune 720BT (Black)",https://www.amazon.eg/-/en/JBL-Headphone-Bluetooth-720BT-Black/dp/B0CG8245WQ/ref=sr_1_71?dib=eyJ2IjoiMSJ9.lnBwE43Rt5gEZif2-MaUA89MQ5bN6McFQ7XCisJwXHk7zHictqVSgS5c6Y1LSMYsC7SxcwYpZf39wFxr92lP9QsQGhvGQm_pTjyhNJVCqo0Tvu3LRkKJLdjEvKKowrhGYj7N8VQrvQZZST5VNeDy72uzL4IeTosm-eaSfm_W4RX27H3-amOh8CMu9OJKZhhfXtqrlaga2XwnlD5H6QDdG8a42sueUBct0rGA8OViCEKzdTHGLSVi3iN88cNqdtU60dO0Tel9GubjfB8q2ODIcttB9yOtfi6Y24Wy7QKZo4E.5CF82cyYwaOke67XdKgVKsjKYjzo7L-Nkfm7vyWZA5Y&dib_tag=se&qid=1759817106&s=electronics&sr=1-71&xpid=ZsUd_BzzbA__g,B0CG8245WQ,"3,499",4.8,2.2K
"HUAWEI FreeBuds 6i, Intelligent Active Noise Cancellation 3.0, Powerful Bass, Fast Charging, Up to 35 Hours Battery Life, Bluetooth 5.3, Distraction-Free Calling, Dual Device Connection",https://www.amazon.eg/-/en/HUAWEI-Intelligent-Cancellation-Distraction-Free-Connection/dp/B0D3KLYV6R/ref=sr_1_72?dib=eyJ2IjoiMSJ9.lnBwE43Rt5gEZif2-MaUA89MQ5bN6McFQ7XCisJwXHk7zHictqVSgS5c6Y1LSMYsC7SxcwYpZf39wFxr92lP9QsQGhvGQm_pTjyhNJVCqo0Tvu3LRkKJLdjEvKKowrhGYj7N8VQrvQZZST5VNeDy72uzL4IeTosm-eaSfm_W4RX27H3-amOh8CMu9OJKZhhfXtqrlaga2XwnlD5H6QDdG8a42sueUBct0rGA8OViCEKzdTHGLSVi3iN88cNqdtU60dO0Tel9GubjfB8q2ODIcttB9yOtfi6Y24Wy7QKZo4E.5CF82cyYwaOke67XdKgVKsjKYjzo7L-Nkfm7vyWZA5Y&dib_tag=se&qid=1759817106&s=electronics&sr=1-72&xpid=ZsUd_BzzbA__g,B0D3KLYV6R,"2,895",4.4,280
"HUAWEI FreeBuds SE 3 Earbuds, 42-Hour Battery Life, Fine-grained Meets Futuristic, 3-Hour Listening on a 10-minute Charge, Long Press to Pair, Robust Bluetooth 5.4 Connection, IP54, Flowing Light Gold",https://www.amazon.eg/-/en/HUAWEI-Fine-grained-Futuristic-Listening-Connection/dp/B0DN8M5329/ref=sr_1_73?dib=eyJ2IjoiMSJ9.wz1CKF6wLw9gxXT7z8ZIkwkruvaflnCNrbGIogU2XAGHl962gfBAxEa5ST9d8y6RHu7b3fK9hQrdbvQy6SQYsjmJ3T4ziLFa0I4_MCdI-OrasgZ9tRiCGYhL79E7g41MroIPlTxQLjLsN5Ea76pnrtj1jQbXLCHhmtBhhhCLQCG0kDv9T8pKEY1HAzNz5Mm8eSW1i7c62ehhGtcqaD8TlUE1F2ep1fUNTyoJO0MwmxmDIV_w-61LzlktFSK8y8QmgweIF0vwWa36VIMq0COMdd6MPW_AE0lPxuuimYjNXYI.-HcSt1tKrQIFIkYXFZ6cE6TWyZhyqtUGEIiseiMS3ik&dib_tag=se&qid=1759817118&s=electronics&sr=1-73&xpid=ZsUd_BzzbA__g,B0DN8M5329,"1,641",4.5,724
"Year P9 Wireless Bluetooth Headset, Pure Stereo Audio Support Memory Card (White)",https://www.amazon.eg/-/en/Year-Wireless-Bluetooth-Headset-Support/dp/B0C4Q4YMDN/ref=sr_1_74?dib=eyJ2IjoiMSJ9.wz1CKF6wLw9gxXT7z8ZIkwkruvaflnCNrbGIogU2XAGHl962gfBAxEa5ST9d8y6RHu7b3fK9hQrdbvQy6SQYsjmJ3T4ziLFa0I4_MCdI-OrasgZ9tRiCGYhL79E7g41MroIPlTxQLjLsN5Ea76pnrtj1jQbXLCHhmtBhhhCLQCG0kDv9T8pKEY1HAzNz5Mm8eSW1i7c62ehhGtcqaD8TlUE1F2ep1fUNTyoJO0MwmxmDIV_w-61LzlktFSK8y8QmgweIF0vwWa36VIMq0COMdd6MPW_AE0lPxuuimYjNXYI.-HcSt1tKrQIFIkYXFZ6cE6TWyZhyqtUGEIiseiMS3ik&dib_tag=se&qid=1759817118&s=electronics&sr=1-74&xpid=ZsUd_BzzbA__g,B0C4Q4YMDN,249,2.6,117
"Oraimo OHP-317 BoomPop Lite Ovearhead Headset, Speed Black",https://www.amazon.eg/-/en/Oraimo-OHP-317-BoomPop-Ovearhead-Headset/dp/B0FH1XTG9D/ref=sr_1_75?dib=eyJ2IjoiMSJ9.wz1CKF6wLw9gxXT7z8ZIkwkruvaflnCNrbGIogU2XAGHl962gfBAxEa5ST9d8y6RHu7b3fK9hQrdbvQy6SQYsjmJ3T4ziLFa0I4_MCdI-OrasgZ9tRiCGYhL79E7g41MroIPlTxQLjLsN5Ea76pnrtj1jQbXLCHhmtBhhhCLQCG0kDv9T8pKEY1HAzNz5Mm8eSW1i7c62ehhGtcqaD8TlUE1F2ep1fUNTyoJO0MwmxmDIV_w-61LzlktFSK8y8QmgweIF0vwWa36VIMq0COMdd6MPW_AE0lPxuuimYjNXYI.-HcSt1tKrQIFIkYXFZ6cE6TWyZhyqtUGEIiseiMS3ik&dib_tag=se&qid=1759817118&s=electronics&sr=1-75&xpid=ZsUd_BzzbA__g,B0FH1XTG9D,"1,299",5.0,2
"HONOR 400 Pro 5G, 12GB RAM, 512GB Storage, Lunar Grey",https://www.amazon.eg/-/en/HONOR-12GB-512GB-Storage-Lunar/dp/B0FMQ9L68J/ref=sr_1_76?dib=eyJ2IjoiMSJ9.wz1CKF6wLw9gxXT7z8ZIkwkruvaflnCNrbGIogU2XAGHl962gfBAxEa5ST9d8y6RHu7b3fK9hQrdbvQy6SQYsjmJ3T4ziLFa0I4_MCdI-OrasgZ9tRiCGYhL79E7g41MroIPlTxQLjLsN5Ea76pnrtj1jQbXLCHhmtBhhhCLQCG0kDv9T8pKEY1HAzNz5Mm8eSW1i7c62ehhGtcqaD8TlUE1F2ep1fUNTyoJO0MwmxmDIV_w-61LzlktFSK8y8QmgweIF0vwWa36VIMq0COMdd6MPW_AE0lPxuuimYjNXYI.-HcSt1tKrQIFIkYXFZ6cE6TWyZhyqtUGEIiseiMS3ik&dib_tag=se&qid=1759817118&s=electronics&sr=1-76&xpid=ZsUd_BzzbA__g,B0FMQ9L68J,"33,333",5.0,2
"soundcore Sport X20 by Anker, True-Wireless Workout Earbuds, Rotatable and Extendable Ear Hooks, Noise Cancelling, Deep Bass, IP68 Waterproof, Sweatproof, Dustproof, 48H Play, Sport Earbuds",https://www.amazon.eg/-/en/soundcore-True-Wireless-Extendable-Cancelling-Waterproof/dp/B0CRT6HQ82/ref=sr_1_77?dib=eyJ2IjoiMSJ9.wz1CKF6wLw9gxXT7z8ZIkwkruvaflnCNrbGIogU2XAGHl962gfBAxEa5ST9d8y6RHu7b3fK9hQrdbvQy6SQYsjmJ3T4ziLFa0I4_MCdI-OrasgZ9tRiCGYhL79E7g41MroIPlTxQLjLsN5Ea76pnrtj1jQbXLCHhmtBhhhCLQCG0kDv9T8pKEY1HAzNz5Mm8eSW1i7c62ehhGtcqaD8TlUE1F2ep1fUNTyoJO0MwmxmDIV_w-61LzlktFSK8y8QmgweIF0vwWa36VIMq0COMdd6MPW_AE0lPxuuimYjNXYI.-HcSt1tKrQIFIkYXFZ6cE6TWyZhyqtUGEIiseiMS3ik&dib_tag=se&qid=1759817118&s=electronics&sr=1-77&xpid=ZsUd_BzzbA__g,B0CRT6HQ82,"3,365",4.3,6K
"Sony WH-1000XM5 Noise Cancelling Wireless Headphones - 30 hours battery life - Over-ear style - Optimised for Alexa and the Google Assistant - with built-in mic for phone calls - Black, Bluetooth",https://www.amazon.eg/-/en/Sony-WH-1000XM5-Cancelling-Wireless-Headphones/dp/B09ZFD9CBB/ref=sr_1_78?dib=eyJ2IjoiMSJ9.wz1CKF6wLw9gxXT7z8ZIkwkruvaflnCNrbGIogU2XAGHl962gfBAxEa5ST9d8y6RHu7b3fK9hQrdbvQy6SQYsjmJ3T4ziLFa0I4_MCdI-OrasgZ9tRiCGYhL79E7g41MroIPlTxQLjLsN5Ea76pnrtj1jQbXLCHhmtBhhhCLQCG0kDv9T8pKEY1HAzNz5Mm8eSW1i7c62ehhGtcqaD8TlUE1F2ep1fUNTyoJO0MwmxmDIV_w-61LzlktFSK8y8QmgweIF0vwWa36VIMq0COMdd6MPW_AE0lPxuuimYjNXYI.-HcSt1tKrQIFIkYXFZ6cE6TWyZhyqtUGEIiseiMS3ik&dib_tag=se&qid=1759817118&s=electronics&sr=1-78&xpid=ZsUd_BzzbA__g,B09ZFD9CBB,"13,116",4.4,1.5K
"Soundcore by Anker P20i Earbuds, 30H Playtime, IPX5 Waterproof, 2 Microphones with AI, 18 Months Warranty, In-Ear Black Headphones Headset Wireless Earbuds 18 Months Warranty- Black",https://www.amazon.eg/-/en/Soundcore-Waterproof-Microphones-Headphones-Warranty/dp/B0BTYCRJSS/ref=sr_1_79?dib=eyJ2IjoiMSJ9.wz1CKF6wLw9gxXT7z8ZIkwkruvaflnCNrbGIogU2XAGHl962gfBAxEa5ST9d8y6RHu7b3fK9hQrdbvQy6SQYsjmJ3T4ziLFa0I4_MCdI-OrasgZ9tRiCGYhL79E7g41MroIPlTxQLjLsN5Ea76pnrtj1jQbXLCHhmtBhhhCLQCG0kDv9T8pKEY1HAzNz5Mm8eSW1i7c62ehhGtcqaD8TlUE1F2ep1fUNTyoJO0MwmxmDIV_w-61LzlktFSK8y8QmgweIF0vwWa36VIMq0COMdd6MPW_AE0lPxuuimYjNXYI.-HcSt1tKrQIFIkYXFZ6cE6TWyZhyqtUGEIiseiMS3ik&dib_tag=se&qid=1759817118&s=electronics&sr=1-79&xpid=ZsUd_BzzbA__g,B0BTYCRJSS,"1,308",4.2,48.6K
Redragon Hylas H260 RGB Wired Gaming Headset with Microphone ( White),https://www.amazon.eg/-/en/Redragon-Hylas-Gaming-Headset-Microphone/dp/B09PFGK9W9/ref=sr_1_80?dib=eyJ2IjoiMSJ9.wz1CKF6wLw9gxXT7z8ZIkwkruvaflnCNrbGIogU2XAGHl962gfBAxEa5ST9d8y6RHu7b3fK9hQrdbvQy6SQYsjmJ3T4ziLFa0I4_MCdI-OrasgZ9tRiCGYhL79E7g41MroIPlTxQLjLsN5Ea76pnrtj1jQbXLCHhmtBhhhCLQCG0kDv9T8pKEY1HAzNz5Mm8eSW1i7c62ehhGtcqaD8TlUE1F2ep1fUNTyoJO0MwmxmDIV_w-61LzlktFSK8y8QmgweIF0vwWa36VIMq0COMdd6MPW_AE0lPxuuimYjNXYI.-HcSt1tKrQIFIkYXFZ6cE6TWyZhyqtUGEIiseiMS3ik&dib_tag=se&qid=1759817118&s=electronics&sr=1-80&xpid=ZsUd_BzzbA__g,B09PFGK9W9,975,4.1,223
"CMF Buds Pro 2 Wireless Earbuds with Smart Dial, 50dB Hybrid Noise Cancelling Earbuds Wireless Bluetooth 5.3, 11mm Bass with LDAC, 6 Hi-Res Audio Mics, 43H Playtime, Fast Charging Case, Dark Grey",https://www.amazon.eg/-/en/CMF-Wireless-Cancelling-Bluetooth-Playtime/dp/B0D83J6JJ9/ref=sr_1_81?dib=eyJ2IjoiMSJ9.wz1CKF6wLw9gxXT7z8ZIkwkruvaflnCNrbGIogU2XAGHl962gfBAxEa5ST9d8y6RHu7b3fK9hQrdbvQy6SQYsjmJ3T4ziLFa0I4_MCdI-OrasgZ9tRiCGYhL79E7g41MroIPlTxQLjLsN5Ea76pnrtj1jQbXLCHhmtBhhhCLQCG0kDv9T8pKEY1HAzNz5Mm8eSW1i7c62ehhGtcqaD8TlUE1F2ep1fUNTyoJO0MwmxmDIV_w-61LzlktFSK8y8QmgweIF0vwWa36VIMq0COMdd6MPW_AE0lPxuuimYjNXYI.-HcSt1tKrQIFIkYXFZ6cE6TWyZhyqtUGEIiseiMS3ik&dib_tag=se&qid=1759817118&s=electronics&sr=1-81&xpid=ZsUd_BzzbA__g,B0D83J6JJ9,"2,279",4.4,1.5K
Wired Earphones for iPhone Earbuds with Lightning Connector Plug&Play Built-in Microphone & Remote Control Headsets Compatible with iPhone 14/13/12/11/XR/XS/X/8/SE/Pro/Pro Max Support All iOS System,https://www.amazon.eg/-/en/Earphones-Lightning-Connector-Microphone-Compatible/dp/B0DFY7C98Y/ref=sr_1_82?dib=eyJ2IjoiMSJ9.wz1CKF6wLw9gxXT7z8ZIkwkruvaflnCNrbGIogU2XAGHl962gfBAxEa5ST9d8y6RHu7b3fK9hQrdbvQy6SQYsjmJ3T4ziLFa0I4_MCdI-OrasgZ9tRiCGYhL79E7g41MroIPlTxQLjLsN5Ea76pnrtj1jQbXLCHhmtBhhhCLQCG0kDv9T8pKEY1HAzNz5Mm8eSW1i7c62ehhGtcqaD8TlUE1F2ep1fUNTyoJO0MwmxmDIV_w-61LzlktFSK8y8QmgweIF0vwWa36VIMq0COMdd6MPW_AE0lPxuuimYjNXYI.-HcSt1tKrQIFIkYXFZ6cE6TWyZhyqtUGEIiseiMS3ik&dib_tag=se&qid=1759817118&s=electronics&sr=1-82&xpid=ZsUd_BzzbA__g,B0DFY7C98Y,88,3.6,578
Sammsung Level U2 Wireless Headphones - Black,https://www.amazon.eg/-/en/Sammsung-Level-U2-Wireless-Headphones/dp/B0FPJV1DBW/ref=sr_1_83?dib=eyJ2IjoiMSJ9.wz1CKF6wLw9gxXT7z8ZIkwkruvaflnCNrbGIogU2XAGHl962gfBAxEa5ST9d8y6RHu7b3fK9hQrdbvQy6SQYsjmJ3T4ziLFa0I4_MCdI-OrasgZ9tRiCGYhL79E7g41MroIPlTxQLjLsN5Ea76pnrtj1jQbXLCHhmtBhhhCLQCG0kDv9T8pKEY1HAzNz5Mm8eSW1i7c62ehhGtcqaD8TlUE1F2ep1fUNTyoJO0MwmxmDIV_w-61LzlktFSK8y8QmgweIF0vwWa36VIMq0COMdd6MPW_AE0lPxuuimYjNXYI.-HcSt1tKrQIFIkYXFZ6cE6TWyZhyqtUGEIiseiMS3ik&dib_tag=se&qid=1759817118&s=electronics&sr=1-83&xpid=ZsUd_BzzbA__g,B0FPJV1DBW,"2,750",No Rating,0
Anker Soundcore Life U2i Black,https://www.amazon.eg/-/en/Anker-Soundcore-Life-U2i-Black/dp/B0CBTQL2LG/ref=sr_1_84?dib=eyJ2IjoiMSJ9.wz1CKF6wLw9gxXT7z8ZIkwkruvaflnCNrbGIogU2XAGHl962gfBAxEa5ST9d8y6RHu7b3fK9hQrdbvQy6SQYsjmJ3T4ziLFa0I4_MCdI-OrasgZ9tRiCGYhL79E7g41MroIPlTxQLjLsN5Ea76pnrtj1jQbXLCHhmtBhhhCLQCG0kDv9T8pKEY1HAzNz5Mm8eSW1i7c62ehhGtcqaD8TlUE1F2ep1fUNTyoJO0MwmxmDIV_w-61LzlktFSK8y8QmgweIF0vwWa36VIMq0COMdd6MPW_AE0lPxuuimYjNXYI.-HcSt1tKrQIFIkYXFZ6cE6TWyZhyqtUGEIiseiMS3ik&dib_tag=se&qid=1759817118&s=electronics&sr=1-84&xpid=ZsUd_BzzbA__g,B0CBTQL2LG,809,4.1,1K
"soundcore R50I NC By Anker Noise Cancelling In Ear Earbuds,Powerful Bass,45H Playtime,2-In-1 Case And Phone Stand,Ip54,Fast Charge 10Min = 120 Min,Bluetooth 5.4(Blue) - 18 Months Warranty",https://www.amazon.eg/-/en/soundcore-Anker-Cancelling-Powerful-Bluetooth/dp/B0F99LDLWW/ref=sr_1_85?dib=eyJ2IjoiMSJ9.wz1CKF6wLw9gxXT7z8ZIkwkruvaflnCNrbGIogU2XAGHl962gfBAxEa5ST9d8y6RHu7b3fK9hQrdbvQy6SQYsjmJ3T4ziLFa0I4_MCdI-OrasgZ9tRiCGYhL79E7g41MroIPlTxQLjLsN5Ea76pnrtj1jQbXLCHhmtBhhhCLQCG0kDv9T8pKEY1HAzNz5Mm8eSW1i7c62ehhGtcqaD8TlUE1F2ep1fUNTyoJO0MwmxmDIV_w-61LzlktFSK8y8QmgweIF0vwWa36VIMq0COMdd6MPW_AE0lPxuuimYjNXYI.-HcSt1tKrQIFIkYXFZ6cE6TWyZhyqtUGEIiseiMS3ik&dib_tag=se&qid=1759817118&s=electronics&sr=1-85&xpid=ZsUd_BzzbA__g,B0F99LDLWW,"1,250",2.5,2
"G3100 Pro Gaming Headset + 3.5 JACK Compatible with laptop,pc,mobile and tablet",https://www.amazon.eg/-/en/Gaming-Headset-Compatible-laptop-mobile/dp/B0DWT48ZFY/ref=sr_1_86?dib=eyJ2IjoiMSJ9.wz1CKF6wLw9gxXT7z8ZIkwkruvaflnCNrbGIogU2XAGHl962gfBAxEa5ST9d8y6RHu7b3fK9hQrdbvQy6SQYsjmJ3T4ziLFa0I4_MCdI-OrasgZ9tRiCGYhL79E7g41MroIPlTxQLjLsN5Ea76pnrtj1jQbXLCHhmtBhhhCLQCG0kDv9T8pKEY1HAzNz5Mm8eSW1i7c62ehhGtcqaD8TlUE1F2ep1fUNTyoJO0MwmxmDIV_w-61LzlktFSK8y8QmgweIF0vwWa36VIMq0COMdd6MPW_AE0lPxuuimYjNXYI.-HcSt1tKrQIFIkYXFZ6cE6TWyZhyqtUGEIiseiMS3ik&dib_tag=se&qid=1759817118&s=electronics&sr=1-86&xpid=ZsUd_BzzbA__g,B0DWT48ZFY,369,4.0,1
"Soundcore P40i by Anker, Noise Cancelling Wireless Earbuds, Heavy Bass, 60H Playtime, 2-in-1 Case and Phone Stand, IPX5, Wireless Charging, 18 Months Warranty - White",https://www.amazon.eg/-/en/Soundcore-Anker-Cancelling-Wireless-Playtime/dp/B0CVW2D921/ref=sr_1_87?dib=eyJ2IjoiMSJ9.wz1CKF6wLw9gxXT7z8ZIkwkruvaflnCNrbGIogU2XAGHl962gfBAxEa5ST9d8y6RHu7b3fK9hQrdbvQy6SQYsjmJ3T4ziLFa0I4_MCdI-OrasgZ9tRiCGYhL79E7g41MroIPlTxQLjLsN5Ea76pnrtj1jQbXLCHhmtBhhhCLQCG0kDv9T8pKEY1HAzNz5Mm8eSW1i7c62ehhGtcqaD8TlUE1F2ep1fUNTyoJO0MwmxmDIV_w-61LzlktFSK8y8QmgweIF0vwWa36VIMq0COMdd6MPW_AE0lPxuuimYjNXYI.-HcSt1tKrQIFIkYXFZ6cE6TWyZhyqtUGEIiseiMS3ik&dib_tag=se&qid=1759817118&s=electronics&sr=1-87&xpid=ZsUd_BzzbA__g,B0CVW2D921,"2,777",4.4,48
"Samsung AKG Earphones for Samsung Galaxy S23 S23 Ultra | S22 S22 Ultra | S21 S21 Ultra | S20 S20 Ultra, Note 10+ Original USB Type C in-Earbuds - Braided - Includes Velvet Pouch - Black",https://www.amazon.eg/-/en/Samsung-Earphones-Galaxy-Original-Earbuds/dp/B0C7HHWXW8/ref=sr_1_88?dib=eyJ2IjoiMSJ9.wz1CKF6wLw9gxXT7z8ZIkwkruvaflnCNrbGIogU2XAGHl962gfBAxEa5ST9d8y6RHu7b3fK9hQrdbvQy6SQYsjmJ3T4ziLFa0I4_MCdI-OrasgZ9tRiCGYhL79E7g41MroIPlTxQLjLsN5Ea76pnrtj1jQbXLCHhmtBhhhCLQCG0kDv9T8pKEY1HAzNz5Mm8eSW1i7c62ehhGtcqaD8TlUE1F2ep1fUNTyoJO0MwmxmDIV_w-61LzlktFSK8y8QmgweIF0vwWa36VIMq0COMdd6MPW_AE0lPxuuimYjNXYI.-HcSt1tKrQIFIkYXFZ6cE6TWyZhyqtUGEIiseiMS3ik&dib_tag=se&qid=1759817118&s=electronics&sr=1-88&xpid=ZsUd_BzzbA__g,B0C7HHWXW8,190,3.4,240
HUAWEI FreeBuds 5i Wireless Earbuds - Noise Cancelling Earphones with Long Lasting Battery Life - Bluetooth and Water Resistant in-Ear Headphones with Hi-Res Sound Certified - Blue,https://www.amazon.eg/-/en/HUAWEI-FreeBuds-Wireless-Earbuds-Ear/dp/B0BQ3XWMQB/ref=sr_1_89?dib=eyJ2IjoiMSJ9.wz1CKF6wLw9gxXT7z8ZIkwkruvaflnCNrbGIogU2XAGHl962gfBAxEa5ST9d8y6RHu7b3fK9hQrdbvQy6SQYsjmJ3T4ziLFa0I4_MCdI-OrasgZ9tRiCGYhL79E7g41MroIPlTxQLjLsN5Ea76pnrtj1jQbXLCHhmtBhhhCLQCG0kDv9T8pKEY1HAzNz5Mm8eSW1i7c62ehhGtcqaD8TlUE1F2ep1fUNTyoJO0MwmxmDIV_w-61LzlktFSK8y8QmgweIF0vwWa36VIMq0COMdd6MPW_AE0lPxuuimYjNXYI.-HcSt1tKrQIFIkYXFZ6cE6TWyZhyqtUGEIiseiMS3ik&dib_tag=se&qid=1759817118&s=electronics&sr=1-89&xpid=ZsUd_BzzbA__g,B0BQ3XWMQB,"4,200",4.4,3K
New Generation Bluetooth Earbuds (Air39 & Air31) Noise Cancelling In-Ear Wireless Earbuds - Wireless Touch Control Headset Compatible with iPhone and Android (Black),https://www.amazon.eg/-/en/Generation-Bluetooth-Earbuds-Cancelling-Wireless/dp/B0FLW135SN/ref=sr_1_90?dib=eyJ2IjoiMSJ9.wz1CKF6wLw9gxXT7z8ZIkwkruvaflnCNrbGIogU2XAGHl962gfBAxEa5ST9d8y6RHu7b3fK9hQrdbvQy6SQYsjmJ3T4ziLFa0I4_MCdI-OrasgZ9tRiCGYhL79E7g41MroIPlTxQLjLsN5Ea76pnrtj1jQbXLCHhmtBhhhCLQCG0kDv9T8pKEY1HAzNz5Mm8eSW1i7c62ehhGtcqaD8TlUE1F2ep1fUNTyoJO0MwmxmDIV_w-61LzlktFSK8y8QmgweIF0vwWa36VIMq0COMdd6MPW_AE0lPxuuimYjNXYI.-HcSt1tKrQIFIkYXFZ6cE6TWyZhyqtUGEIiseiMS3ik&dib_tag=se&qid=1759817118&s=electronics&sr=1-90&xpid=ZsUd_BzzbA__g,B0FLW135SN,199,2.8,63
"JBL Tune 520BT Wireless On-Ear Headphones, Pure Bass Sound, 57H Battery with Speed Charge, Hands-Free Call Voice Aware, Multi-Point Connection, Foldable - Black |1 year manufacturer warranty",https://www.amazon.eg/-/en/JBL-Headphones-Hands-Free-Multi-Point-Connection/dp/B0C3V5X3QT/ref=sr_1_91?dib=eyJ2IjoiMSJ9.wz1CKF6wLw9gxXT7z8ZIkwkruvaflnCNrbGIogU2XAGHl962gfBAxEa5ST9d8y6RHu7b3fK9hQrdbvQy6SQYsjmJ3T4ziLFa0I4_MCdI-OrasgZ9tRiCGYhL79E7g41MroIPlTxQLjLsN5Ea76pnrtj1jQbXLCHhmtBhhhCLQCG0kDv9T8pKEY1HAzNz5Mm8eSW1i7c62ehhGtcqaD8TlUE1F2ep1fUNTyoJO0MwmxmDIV_w-61LzlktFSK8y8QmgweIF0vwWa36VIMq0COMdd6MPW_AE0lPxuuimYjNXYI.-HcSt1tKrQIFIkYXFZ6cE6TWyZhyqtUGEIiseiMS3ik&dib_tag=se&qid=1759817118&s=electronics&sr=1-91&xpid=ZsUd_BzzbA__g,B0C3V5X3QT,"1,949",4.8,12.1K
"soundcore V20i by Anker Open-Ear Headphones, Adjustable Ear Hooks, Ultra-Comfort, Snug Fit, Punchy Bass, Clear Calls, IP55, LED Lights, 36H Playtime, Bluetooth 5.4 Earbuds, White- 18 Months Warranty",https://www.amazon.eg/-/en/soundcore-Headphones-Adjustable-Ultra-Comfort-Bluetooth/dp/B0D319J6T2/ref=sr_1_92?dib=eyJ2IjoiMSJ9.wz1CKF6wLw9gxXT7z8ZIkwkruvaflnCNrbGIogU2XAGHl962gfBAxEa5ST9d8y6RHu7b3fK9hQrdbvQy6SQYsjmJ3T4ziLFa0I4_MCdI-OrasgZ9tRiCGYhL79E7g41MroIPlTxQLjLsN5Ea76pnrtj1jQbXLCHhmtBhhhCLQCG0kDv9T8pKEY1HAzNz5Mm8eSW1i7c62ehhGtcqaD8TlUE1F2ep1fUNTyoJO0MwmxmDIV_w-61LzlktFSK8y8QmgweIF0vwWa36VIMq0COMdd6MPW_AE0lPxuuimYjNXYI.-HcSt1tKrQIFIkYXFZ6cE6TWyZhyqtUGEIiseiMS3ik&dib_tag=se&qid=1759817118&s=electronics&sr=1-92&xpid=ZsUd_BzzbA__g,B0D319J6T2,,4.4,2.3K
"Soundcore C30i by Anker, Open-Ear Earbuds, Clip-On Headphones, Lightweight Comfort, Stable Fit, Firm-Shell Design, Attachable Ear Grips, Big Drivers for Clear Audio, 30H Play, IPX4 Water-Resistant",https://www.amazon.eg/-/en/Headphones-Lightweight-Firm-Shell-Attachable-Water-Resistant/dp/B0CTJR2C5X/ref=sr_1_93?dib=eyJ2IjoiMSJ9.wz1CKF6wLw9gxXT7z8ZIkwkruvaflnCNrbGIogU2XAGHl962gfBAxEa5ST9d8y6RHu7b3fK9hQrdbvQy6SQYsjmJ3T4ziLFa0I4_MCdI-OrasgZ9tRiCGYhL79E7g41MroIPlTxQLjLsN5Ea76pnrtj1jQbXLCHhmtBhhhCLQCG0kDv9T8pKEY1HAzNz5Mm8eSW1i7c62ehhGtcqaD8TlUE1F2ep1fUNTyoJO0MwmxmDIV_w-61LzlktFSK8y8QmgweIF0vwWa36VIMq0COMdd6MPW_AE0lPxuuimYjNXYI.-HcSt1tKrQIFIkYXFZ6cE6TWyZhyqtUGEIiseiMS3ik&dib_tag=se&qid=1759817118&s=electronics&sr=1-93&xpid=ZsUd_BzzbA__g,B0CTJR2C5X,"1,970",3.9,2.1K
"RUNMUS GAMING K1B Professional Wired Headsets Red LED Light with Mic, Over-Ear, 7.1 Surround Sound and Noise Cancellation, 3.5mm Audio Plug, Padded Ear Cushions, for PC/PS4/Xbox/Tablet/Mobile/Laptops",https://www.amazon.eg/-/en/RUNMUS-GAMING-Professional-Red-Cancellation/dp/B0B7WR341C/ref=sr_1_94?dib=eyJ2IjoiMSJ9.wz1CKF6wLw9gxXT7z8ZIkwkruvaflnCNrbGIogU2XAGHl962gfBAxEa5ST9d8y6RHu7b3fK9hQrdbvQy6SQYsjmJ3T4ziLFa0I4_MCdI-OrasgZ9tRiCGYhL79E7g41MroIPlTxQLjLsN5Ea76pnrtj1jQbXLCHhmtBhhhCLQCG0kDv9T8pKEY1HAzNz5Mm8eSW1i7c62ehhGtcqaD8TlUE1F2ep1fUNTyoJO0MwmxmDIV_w-61LzlktFSK8y8QmgweIF0vwWa36VIMq0COMdd6MPW_AE0lPxuuimYjNXYI.-HcSt1tKrQIFIkYXFZ6cE6TWyZhyqtUGEIiseiMS3ik&dib_tag=se&qid=1759817118&s=electronics&sr=1-94&xpid=ZsUd_BzzbA__g,B0B7WR341C,,3.9,29
Sony WH-CH720N Noise Cancelling Wireless Headphones : Bluetooth Over The Ear Headset With Mic For Phone-Call-Black,https://www.amazon.eg/-/en/Sony-WH-CH720N-Cancelling-Wireless-Headphones/dp/B0BS1QCFHX/ref=sr_1_95?dib=eyJ2IjoiMSJ9.wz1CKF6wLw9gxXT7z8ZIkwkruvaflnCNrbGIogU2XAGHl962gfBAxEa5ST9d8y6RHu7b3fK9hQrdbvQy6SQYsjmJ3T4ziLFa0I4_MCdI-OrasgZ9tRiCGYhL79E7g41MroIPlTxQLjLsN5Ea76pnrtj1jQbXLCHhmtBhhhCLQCG0kDv9T8pKEY1HAzNz5Mm8eSW1i7c62ehhGtcqaD8TlUE1F2ep1fUNTyoJO0MwmxmDIV_w-61LzlktFSK8y8QmgweIF0vwWa36VIMq0COMdd6MPW_AE0lPxuuimYjNXYI.-HcSt1tKrQIFIkYXFZ6cE6TWyZhyqtUGEIiseiMS3ik&dib_tag=se&qid=1759817118&s=electronics&sr=1-95&xpid=ZsUd_BzzbA__g,B0BS1QCFHX,"5,495",4.4,12.9K
"soundcore by Anker R50i VI True Wireless Earbuds, 10mm Drivers with Big Bass, Bluetooth 5.3, 30H Long Playtime, Water-Resistant, 2 Mics for AI Clear Calls, (Blue) - 18 Months Warranty",https://www.amazon.eg/-/en/soundcore-Wireless-Bluetooth-Playtime-Water-Resistant/dp/B0DCVPD66R/ref=sr_1_96?dib=eyJ2IjoiMSJ9.wz1CKF6wLw9gxXT7z8ZIkwkruvaflnCNrbGIogU2XAGHl962gfBAxEa5ST9d8y6RHu7b3fK9hQrdbvQy6SQYsjmJ3T4ziLFa0I4_MCdI-OrasgZ9tRiCGYhL79E7g41MroIPlTxQLjLsN5Ea76pnrtj1jQbXLCHhmtBhhhCLQCG0kDv9T8pKEY1HAzNz5Mm8eSW1i7c62ehhGtcqaD8TlUE1F2ep1fUNTyoJO0MwmxmDIV_w-61LzlktFSK8y8QmgweIF0vwWa36VIMq0COMdd6MPW_AE0lPxuuimYjNXYI.-HcSt1tKrQIFIkYXFZ6cE6TWyZhyqtUGEIiseiMS3ik&dib_tag=se&qid=1759817118&s=electronics&sr=1-96&xpid=ZsUd_BzzbA__g,B0DCVPD66R,869,4.1,271
